-- MySQL dump 10.13  Distrib 5.7.21, for Linux (x86_64)
--
-- Host: localhost    Database: intranet
-- ------------------------------------------------------
-- Server version	5.7.21-0ubuntu0.16.04.1

/*!40101 SET @OLD_CHARACTER_SET_CLIENT=@@CHARACTER_SET_CLIENT */;
/*!40101 SET @OLD_CHARACTER_SET_RESULTS=@@CHARACTER_SET_RESULTS */;
/*!40101 SET @OLD_COLLATION_CONNECTION=@@COLLATION_CONNECTION */;
/*!40101 SET NAMES utf8 */;
/*!40103 SET @OLD_TIME_ZONE=@@TIME_ZONE */;
/*!40103 SET TIME_ZONE='+00:00' */;
/*!40014 SET @OLD_UNIQUE_CHECKS=@@UNIQUE_CHECKS, UNIQUE_CHECKS=0 */;
/*!40014 SET @OLD_FOREIGN_KEY_CHECKS=@@FOREIGN_KEY_CHECKS, FOREIGN_KEY_CHECKS=0 */;
/*!40101 SET @OLD_SQL_MODE=@@SQL_MODE, SQL_MODE='NO_AUTO_VALUE_ON_ZERO' */;
/*!40111 SET @OLD_SQL_NOTES=@@SQL_NOTES, SQL_NOTES=0 */;

--
-- Table structure for table `company`
--

DROP TABLE IF EXISTS `company`;
/*!40101 SET @saved_cs_client     = @@character_set_client */;
/*!40101 SET character_set_client = utf8 */;
CREATE TABLE `company` (
  `id` bigint(20) NOT NULL AUTO_INCREMENT,
  `address` varchar(255) DEFAULT NULL,
  `name` varchar(255) DEFAULT NULL,
  PRIMARY KEY (`id`),
  UNIQUE KEY `UK_niu8sfil2gxywcru9ah3r4ec5` (`name`)
) ENGINE=InnoDB AUTO_INCREMENT=2 DEFAULT CHARSET=utf8;
/*!40101 SET character_set_client = @saved_cs_client */;

--
-- Dumping data for table `company`
--

LOCK TABLES `company` WRITE;
/*!40000 ALTER TABLE `company` DISABLE KEYS */;
INSERT INTO `company` VALUES (1,'Villa No. 31, D Ring Road, Fareej Al Ali, Doha, Qatar','Gulf Business Development Group');
/*!40000 ALTER TABLE `company` ENABLE KEYS */;
UNLOCK TABLES;

--
-- Table structure for table `companyEvent`
--

DROP TABLE IF EXISTS `companyEvent`;
/*!40101 SET @saved_cs_client     = @@character_set_client */;
/*!40101 SET character_set_client = utf8 */;
CREATE TABLE `companyEvent` (
  `id` bigint(20) NOT NULL AUTO_INCREMENT,
  `content` longtext,
  `date` datetime DEFAULT NULL,
  `image` longtext,
  `imageWidth` int(11) NOT NULL,
  `title` varchar(255) DEFAULT NULL,
  `authorID` bigint(20) DEFAULT NULL,
  PRIMARY KEY (`id`),
  KEY `FK_l29lg90ee1siguakc4pytn1m` (`authorID`),
  CONSTRAINT `FK_l29lg90ee1siguakc4pytn1m` FOREIGN KEY (`authorID`) REFERENCES `employee` (`id`)
) ENGINE=InnoDB AUTO_INCREMENT=3 DEFAULT CHARSET=utf8;
/*!40101 SET character_set_client = @saved_cs_client */;

--
-- Dumping data for table `companyEvent`
--

LOCK TABLES `companyEvent` WRITE;
/*!40000 ALTER TABLE `companyEvent` DISABLE KEYS */;
INSERT INTO `companyEvent` VALUES (1,'<p>erryry</p>\n','2018-01-30 14:48:10',NULL,400,'dfdfhdf',14),(2,'<p>dfgsdfgsfgdfg</p>\n','2018-02-03 14:38:23','data:image/png;base64,/9j/4gIcSUNDX1BST0ZJTEUAAQEAAAIMbGNtcwIQAABtbnRyUkdCIFhZWiAH3AABABkAAwApADlhY3NwQVBQTAAAAAAAAAAAAAAAAAAAAAAAAAAAAAAAAAAA9tYAAQAAAADTLWxjbXMAAAAAAAAAAAAAAAAAAAAAAAAAAAAAAAAAAAAAAAAAAAAAAAAAAAAAAAAAAAAAAApkZXNjAAAA/AAAAF5jcHJ0AAABXAAAAAt3dHB0AAABaAAAABRia3B0AAABfAAAABRyWFlaAAABkAAAABRnWFlaAAABpAAAABRiWFlaAAABuAAAABRyVFJDAAABzAAAAEBnVFJDAAABzAAAAEBiVFJDAAABzAAAAEBkZXNjAAAAAAAAAANjMgAAAAAAAAAAAAAAAAAAAAAAAAAAAAAAAAAAAAAAAAAAAAAAAAAAAAAAAAAAAAAAAAAAAAAAAAAAAAAAAAAAAAAAAAAAAAAAAAAAAAAAAAAAAAB0ZXh0AAAAAEZCAABYWVogAAAAAAAA9tYAAQAAAADTLVhZWiAAAAAAAAADFgAAAzMAAAKkWFlaIAAAAAAAAG+iAAA49QAAA5BYWVogAAAAAAAAYpkAALeFAAAY2lhZWiAAAAAAAAAkoAAAD4QAALbPY3VydgAAAAAAAAAaAAAAywHJA2MFkghrC/YQPxVRGzQh8SmQMhg7kkYFUXdd7WtwegWJsZp8rGm/fdPD6TD////gABBKRklGAAEBAAABAAEAAP/tADZQaG90b3Nob3AgMy4wADhCSU0EBAAAAAAAGRwCZwAUd2Qwb20zYXF5MTV0OGwyVXJxZ2cA/9sAQwABAQEBAQEBAQEBAQEBAQEBAQEBAQEBAQEBAQEBAQEBAQEBAQEBAQEBAQEBAQEBAQEBAQEBAQEBAQEBAQEBAQEB/9sAQwEBAQEBAQEBAQEBAQEBAQEBAQEBAQEBAQEBAQEBAQEBAQEBAQEBAQEBAQEBAQEBAQEBAQEBAQEBAQEBAQEBAQEB/8IAEQgCMwInAwEiAAIRAQMRAf/EAB4AAAEEAwEBAQAAAAAAAAAAAAMABAUGBwgJAgoB/8QAGwEBAAMBAQEBAAAAAAAAAAAAAAMEBQYHAQL/2gAMAwEAAhADEAAAAd1skc8rB4z4z0Zznzx3+9H3puhgPPetbxnM2b7L8ljU9L57+Iv0q/Nbz+UBJx2fXKfhJaNsTh3I2OY7bJHLb+s3CX03Tz9FIBka9iOFINI36kYAnreRH/rv8E7CaNO9TuV/VA3Ml4yXkDRHEZmnjcagkRjMcgEat5II0TsYzTxDNPERqdIboiBt3iGaeIZp4hmpAYzThGldezfYvKvI9w91eaW/PqWxj13izJ+HzeVhyFY/GvL2PF8xy02oXygfTN80Ox9jV5N2/bGKLzGtqrNsTIv6VeakMpHpeTWBpBnIUQ2ctH/TNwRfSG4GNfLhCIjEr1K5adSzdyXjpWQk4Q3RlGajkG41C8CBHIMxmniGacIZp43BjcIboiGaeDG6eDG6d+BunCG6eIxCbKev/A+dZ63M5zbt+l85O2Gm4nxPm31Z01zT57nZXGD95WHRj5r/AKNfnK2Orh0iexeg+kb8FbKnbFh26G8W26SfUkpDyWj5CORR8g1Qt04T63G8ZvqSIJx5Mkd9ReY3RhH0NltZdGFfri65mUOR1rDo9pbG7krXvPA4bvEsMxyDMb+ZJuNU6RHp4hmN16GYXSGacIbpwgPlwhuN43BoiKriwIfz5fi3o9znzTch6GYBaRPyHE9nqeMfKMfePY7nPsJaY3+aDvPwQ6vtYM3lbPVuCJVwrZU7ZYsSrhu8Wxog31mT0SQ8m4icjkaMJWORjREJrIR4EgySHjv9s0am7H4cNar551f/ACiSrvN43nUeTKdCL62l3x4sO4ZPpce8Zt16rcFYQzKsOkbyN06CDbvBjNEQNEQ3bvEMzGQzThDdOEN04RnFrdv3qPK8bmvg/ijK4vfwpshdrD8kxx+5dOc5fm++rn5Z8bYxKk4q9IT9Kq4NnrFtsW5UxvKykjES8SkSEjHS0cgo6RbI0khN3DcaqVNbOopm8krs4+cx79MzR7QyFdsGTnxcpvEUh9TcJYWaMarC+L5mnWCQ+voC2S+XDrjTk6Ug/Tx2AheNwY3QQaIMbpw3BkSBoiBoiBoiNhEj9J5WV21lyHUshpYYmQSTr+JkTAPyy/VJ8uOLs6+JEq9G8SVewzuNUuNiSXN59LBHDd4kiUREjIxz0A2ciRjSSRefXuSOQrUhB3K9ZyPSbsR1akJv5Yo7DMWX8jQ05XSMMNzmXL5+xvNTHEGZ6ObINbPU56sTLBLYGaSIa7sN0U+WX6Iqcmd04bx2Bt3gxuMiG6IMSSG7hISSEkjYhBddJ5WMwRD/APYh6SstCTaSbesnZgz5fPqO+YHF2dX0nFXo3CRqduPtdWtNv7Oumsl9tt3gTPrNBMPJCPkBo2ctD0kjzaK5SbUIWgY+aHIRjSvwtxZzpzyHa4GzrfHXH9hj02SI+ObAuOdmabI0e0p7IYi0sfjTUukmnPX8hid08j97m4gwZH7G0yPj0R9RFk5Z9TM+23E9bvo27wYzRBiSQNEGJJCSRnxxGm6TyuVPDy40Ug4ATcc7SS8hEuzHvzDfT98zGLs6WuEs3o3BgmjttbLWrPJ9m5Ji+sWE4buEkekh5IR7yuA0dtLAMjHTckeLRXyEt13dYu7v6qez9U6HY2xszm+g3jzj0eQm4+2p4I18a3IcRQWU4SnbptUyuo/unWFuhGOJIeTOvfa3XDexuTMVu3pr2HFhiAtdHClvol+b7oHHJ3FbiLUsIZBjdJA0kDbuG4khjpCRnl01N0nlaM18kgavuq6wy1fsCSVM1MUH5p/pe+b7N2dFElV6Nw48+qczOy1qyyTWF83cWLacN3FezHr9Viu7eM3lcBo6FOaWyOa2446RaSs1eRtsdu3maRt169mnhe8aWGNnczalbbBWHSo2eXr0rLTFQr7Xs65SFLKrpViPu9eKdQcqRJqfz8666U6GbyUhNhMC9556wds3mpj/AEY7B8vOpdOw3SQzThuDGQY3Ghnn03RIr8Rml3CTfSeVvHUVLDRSCrv2aipBJJOmbwr3znfRj87Gfrc7RkWX1rr159PrOwwU7YkuJgmr2xuWzhZahMzsV5ZwyLXsfrQ3R38udtH6+cf/ANSXaw1PNFqpmnp/E5M8z9MSUjm6SttTw5sZG4ljxXl/SphiLDWqc0c1JH5uyETsyUles7WNToO7U4x7gvPWBfzHz91K3l1s6rmNX0mfbcJtv9C3ywfTbD9vLdwo/rdm8Zjfz6bgwmCBSRIIaMr2KsSu55WczMw6NBqNZ5ysWGSScK1MVz56foW+f/N0uaSIPN7F4QaS+Zt5kIrDxodbTls5WQx0jHK8khz8821XRjZS2cL6jrBzd7l874K/GzpppT2o2uasNmazXD9tH6SbrVK1T4vSPZH86/l+YN2Do1r5fSPeH51Njof19CDXRLefneuNLQdhx9RpEzkGRVNtlJjkoOuuada/z8wXhbNOItjH0pZy0f6F5o079cAO+s7d1JVDdm8Zg2bwI1SQELhDdJGWJGDnNzys07XJYQnQ4zqw16WkkkJGOMfnBbu/wnz9LlQ4buMrsUQJvsubs84W2ENP/TdwuL34IsBjZKNV5LeXRXstBpdF2DuE4D0/J/Mi5azTVojodgbP34qzlsj7jnXsI6v7paIpJfP+i+hnYc32YxFz62CjMs31nLGXpZ4211xyElylN0MMP25U3XvXuanvHQcUWiGWr4QzHgGGfEWvWWNcdLLwKNM/R/NB/Sv8+H04/fkm3Sq2EP8AP0ZjIMbjIMQyEG68oyHZqxYdzysS/HkYKD4ryT8tB2GZIlGWZEcPO6nEzJ0uQbhu4odj5Ml+Jcz7Q4n3h/LlUnbCa4R2wdLCjXsdYry3dnhB3OytjdDDuYqtwnqN55m9C9G9fls53yEuWRsksJrDH+6HjfY+Ek/OpOqnR/DmlT52WHbZaEOnu42TskYekzyu8b02vuEsWaPQ3NmdP7OXpOUxZlPWasdbyXVCvc+8s4m5kLXvNOvMVvFykQ9159vH3Y5+9Aak6cN1H9QyCADIMG3N6G6SEnCrrLZ6Nc97yt3L1GX+nTUvqB7sNem5pJh2yP8ApIcaew3HPN0uMibuKHY+TBN+Jbtm/VqbJv0HzJbcOmpFlR8gzsVzdo+LHa3K2OhFPslT8+9F17aoOhiZMyniLIVW7fLvSLjNJI1m5N9GpjRnfY/P0qdHZNjoPtOlpebjtM8L5s1R/P3lfEy2aNjHnNj8ecn+p5fqtrBhLK+Jp6h17dLVq1lZHwDnrW77LXsnYx6+drw3RicSz7aST6hfrcQyIa+khu4buBJoq6UvtCu+95WzcEdwo54EKSdsNYssyYKA/wCgeQfYzlLRucIEnGb3acNTR/Qu2jyRZiDJYtp4zeV/o2bxvYes/a/mrTfTSuI/UThfQo9SApqdmyRjG5wXMj5Gxddk+Q2lYa24JoOLqdna+a61TrbBcm5D8sP2Cp6Kboc96c+BtmsF7Q6NCzc4uiWC562oGp24OvevkSsjISOdNTdVs8Yy6rlbl9EGBtsNjm0Mg47BBfrcSSEkMGvPobuG7gj0kPrxi3IGx5XLWKkSteScj0iQnK9Nk4aNeFh5gdJOZUNzgkkszt0QJvxKkiSLQYJFtGC8fQhM1sCPGeSKzozs0F5yHawchC2aP9yNhiHdea+3CqSDRNjdNYZZDJtelraw3blvlP8Acu+pqdfa8GFtEt99FaGzgvffQzoR+/xXqdsVWI/3pFgHpThyTO05xFl3AVzMwburqf3k7jkM0t0rmGkkJDIJIYQaGeQoYiNTAkFV5I/I9HyRseVx5DSAxIZDqxV2zEufyYDzc6dc96d752PXn1n9qiDJJKii/LC5mZkr2HBGbxIo+RjphukfPLuFm68iZmbmuhr1no9s+shftMkadvL1Sl8LJQzmuOPdLP6BSGMspTSVTXbcrDs0equynMCJpaHSTX/nbffxNuLvvy73jo3NxISbr1PSxbgfLutUdPXXWbPOG9zm9oewGp+1/VYCGle55JISSEkhDIMZjcNzygoGmyD5OxFlHQ8veTdTlyV/Y17GdTldlicdxppLE7oxuhoxTl+dRm+jc/tnhAu5Pv6WWiddNtKdHfV4VBU68Aql0froF0ShHXnnobsX5U8/9wkjUlIyRYcTXinbznhazy9yljfFm5im0tArjtXJ63aa+mJg6KbM+OcC4SqZjqEvlO+8LljbDQ3Z+tPv8zxk1w+po+vdswDNkYiyRibp10mLt1OJdLxKSX38pDQiDQRDIIJhjdu4agXCRXF6Qyy9ibMlzzVg4NIIY8zoIaw16w/LEuZE+v3SjefT+vL808VYa9T7Uk7HLYhkabbaRcMklHYcJu4JDslrt0s5jqLDScu4x4rtTYiyRivTyoOxY9s8C1qnSEcmxWU8C5j1880TYa9jbcdZ9YNX5tPq1SecOUtLqb5oxt5q0tai3C72e15RK5Or2TclfKzWMGY+tYcLKE3sPaXrtq1tZvc2RDV7PINISSEkhEGhIgxuMiG5EiERUQeaMD56uebkl64evXnW+vuIFjemgc3OV82h1W1a0YdXN7bWc0e6PWocAYi3v5vVbiMzcXTiqWscChu8/wDR3G3uce+OzJsHelckVO+c51NhaknaU+pVdybj3f5vAN8psfDYyRHFpKvszspops/Mz9CFlrf5xFqT0fxjQ1eUmOOj2s37patOrFHfbE3nnC2aY6+z+OZvWDLt1jE0jXtjIv3Tm+ZU6nl0kp4UkoySQkkJJCSQkiDNOG4hkRFI6MYbCfPXRLXG98uM+lQJr36iuLd/yZKx9STz6n/ot4rdOPrhQF01/Jq6C8+jP4pV/wB9B98+fvRLzH053ScpUinfuNmqeQs24ObqbtPIaX7t4X3cDVTA2f8AE16nbGuHMhQKnsrhbAs1PrDkLl3mOnc2UZ6PZI+Xt0cZZCw5+/xQsRZS1lVJA2PYSSHIVSpNYm+WHqtqT2B3ucMhqxVIRuQI4bocJITdw3E4bocM3lMLDJYru5OpmhBaRxJKOR8vhGbjcyyOG6Hg0ghG5AhgqxY3W3r5u9YvtfgcMg6waIhEGrDY/qpwx6+cB3m0EfcXfLdhTckViz05o2KtlZfqRdV401fXvA28+uGxg6U0HZDE+jmzkrqhkaKVqHINURbN7KclJVNvxjjT6pmdMZUh1azZcX5EyC5PoXfDQzbXKpWKo0kIg0SCZuBwmph43SE4SG+Pbxiwr18j5yQzHjE0cmUg1p0WJRSPmfcN3G5jkQyDhN3AQgyCcN3CxP8A0ffNB9MNiv8ANAvIax4MiskQZj83i0YvmJpfQVeNddlPLvWRR8iq9mOX6SOTHBbbiz9xzceGK+/ig6wbmVLYwtKdVd8qlsZunVsJi5TvkJTlP8uLvHqlivgsfAR2asq53K1C3n5+S2xifTzI/PzuNDJ1EHwa33hbzJKOw4TdDxw3UiQTcgRJRo/Htxx7Ir0VQmk0jWz4mm4bmaXePbDHHa1WUcASDW5z5EkOE3cCIksEME1h67LcbbtPXzJqr2+4a5iYJGvJBkiWCGT9Nu+0/wA1vUDk+26XkNE+Z+hNDQbQkYh5E12Mqnm7HtiODjseqSvZ8Wy1Y0qeIsGZ+oelm4mhM0NLmfhJnnMfz84WdZOxbOqdZB+dVyG8Gm66E3KXOpDbkxIxAvj6V7h8ynW2pc3+Q1TnI4ZkfXp2ZLB4mYvip6s7Y6RwfmIvGveTLelImrCqL7N4is0bJCpCruLyS6TmyJwhu4Xk9eTeR8krBwhk/LtHxpunRv65ByEU7gSRAvDyk4C5jwvcNV9Ds/w37keJes1mNv1Tx99nFO4iuNCM2obDeWDTQ6f1LdzE9uHUWCzHhi5nhVejp/xN1qIxvezXmNxE7fi0kr9Nxd6A4QbzaM5J2bNHxkGPCM3CxvBv5wlscL6JTaf5izZNiXsFILD0AYQj+Yu7ugMFqJzHiKWmvWybpNxqSItZVuPI6hEcr0IuzyacNzHpEGESIIwTWBnjN4B3c0hH+WUcHdDOev4Pg15QHgV+yWPeX8O5i16OPeu/IzJHLb30bxOJ8ueS+tRdHyFFRzYxRogipEIfiXBTqd8ZBoeN8UT1jYQWHN3nWuPnJu84QCcOtLNjXBY1Ye/jV2Mt2tRHEteKF+fsQiGgiThYvffr5zNlqbuRVMe4bpyZoxFje/R2NdZC8QWXrNMcZYxEmLfcY2y4MP8ACo5BBVz8c4XDN5scsRw3Q8SVgQwTgHgUGRB1xRE9WH4Rsq6pqzBK+GRaLH5Ix0vNXDIKdlbX9W/nj3d4TtuvcJU3fAegy0Td18+4trGSKaYtw5fNcLUFexOa5bGFgCkZzxD1XHtE7F0mGGRjqoSsSjAfTkUYxP1SP1BMrkGiDgidLDUjwivvd0e+enorTm6LZp1x3Aim1DxzkLEFSw1xFZqEkocfIBW0aPdV/rtQiuR6BG8rY594MgyQJHyAnDdxYIgyBPQSCcJAWckCuEkRYax8sFXjzSAVhrBWGPJyRx5+229fSXg1sVyvUddr5rhYfOfQss4mv1BqXdda9sBKyUqThDOen9yjrXWHYvUvJ2gYRnejkWbgKuEpirAgI4UMkzGroT0bvEghjO1cKEzWJ2ODIm9vRjgBkKF0txFVL5Tr1iWs5v1YrmOcrjtUMISE6GG6ZEViPnG3cKT8kQTA5CPeDgwVYPCDJXDN5Vg4TdwJEagSDKIRRLCSJXrx6MFYhPycg1e77Q6i7oQz43280y18zNfvS81Dyn5x6DlLG87jendr2l3Q3op3nE/O8D6m3/X8j8mNJ+xStK3x0SH1H/Oz9+4cjySCxHyzwyvDx7xmJx5MsEcJyrmjjBWFItJEIooJLhaIs23ejxVfsPB6XZ0mzZsUHXrmOpCQhYbjpJTVubbhLN6du8EUGiDJoITDwwVYEQyVycMyWCcJLDMbgdeuYJEsDIMiv6C8brEe1lo9XhxyzQZ/pBrF96R8wdoOa9A3VjdbNhecn3Hy3z5h9/A6h4z1QuP2nuHthw47Eb+C+1Bz9SZKvzJQfTPValt67fmQoiapi00s7kjhCWEf1HFlmv1HSKjpSaWbI8TDuXewW5sFrnTto9rPMdDl5trQzo38i4Ct0dsc/qIItJ7/AM2sME8m9XnqEpZR3tAyj/OZ7ooyCCsztCWdR8gfruPlLBIZBOGZgxP38WP0JUD/ABFrmacNxJDGceYwEzpESznGofd3XjtHxPr13lZtpx8xssxFy/UNhmv0yHXC5Zt1U3sZPNhHvoPnGguAd29e+I7zGdHz00x93CzXMZLEOrUVthYfy0irXSOmzRc7V0Cqc0OrW2zoMrCU3mNrnW8N2w038swjSxA/SsPLCvz+alj3Kdeu4mB69l2h+keUV5XxdJyvO38/Scr6EIXlCamaEtKwc4frtm8sCDSE7CcJ+/n6sBQBq8imir2HQwpX8t3HoZySQ3cAEsFtq7Y4G81zPJXzzj0SvJ2aG1cZutWUkY4eMY6+YsONaxoV65jUOOPSPLcry+JnnE95lONpMRk72QrPi2wyRtGdhhDIUjjLIRjHJES0KpkKIdkVYQuoUfjjOlHSUNnYUjpJbOklNhLlHTQ43x7m6k6WZressL0PzbmqnCt1W4v38PDdIkpSJOTrqNkBw3cKw/P1EWF+ibq6cJuDSVcNJHk0eliQUSEeSouzObrONvAm839NkJGPiM2yaw1iWJew43my41Rop6+FpHGRp62t9YxRTvQeC2Uybr3fOC7q42esS+bqYsvlOaWK+Xbxr3khHcQ0OqG18dj6ylhHQbCXJQjT5JcogzOCxWnTt4QX7IUkm2gUGpGSIKavhJXNXqfHBel6x4+EJRAUlGdi9KQ5m4UpbfyIeWLDxMzK/k4EOG6VcMPpuGTUIYIRiu4e3GLv1vZ1SvC+jCkVcc+/EwhDV5Eg20oVJzbi2xHkijy9HV8DeqtrBuY2HS4ys3Q8jsJZ9e7Xw3oWb1jcKS2v6HWn42IncY3GnJYXlSnQhnaTx14w5N2IMpDpthrshFqcisSEjXZEd1m+UOMziq9XpGdFR7OQCCrFfiWitvZPE/wJwAiDKOnpJACZwxPSZollCkJZ5ColAhQhpmsGCMgO1m7iYutXNqzLzv05SBZaHTdwjprXgDLS8EVS+Vm5WE3jK+Ytro7WvLHN7Uy/fObwx7zzl3O1MlqDKd41/ncHZ2IncITmPvZoFQrDTuWfJmDL7BNmObxba863bbtj2dWZup2yELDIMxjOzV+WJFQTwxvZdYeyXX8brprX9DfLu7k6i3HXXLPK9nNqAWbd48iS9s8TGNILIJFgGkNmiQ2SSx6kklciSCBSWGqSF6S/X53z7Fpea+muIxLm+lv7dIdyKVh+Y+SrzSGREkMNhtL8/rEnCFLs+Hx+NLr+JTxIbpKwf2tLA07hPJY/T5FlEsHUl74lnTTkml9vPpRL8fl77SsHVgSrnztL8tPe5qXpHCbEceUtnlNI8vpcJ6O3SWdt/wD/xAA2EAABAwMDAwIEBgEEAgMAAAACAAMEBQYSARATBxEgFCIVIzAyCCEkMTM0FiVAQUIXJjU2Q//aAAgBAQABBQKk14Xh+NcYwaw04mcSAUTI+qi+0CHumYoipTLfH+IUSZk/87wP7TeGEgcXfIUIoljv2XbYUKFU/wDuWR/EyO2O2KxWK7eOKxXZdl2XZYrHwx3xWKx3p9c+V/lxR9LLJ+4jgwyhsTas+0UdzmFrYUWnceutuDVY7mnY94PtkMyhxe/lHxxTexLtsPh22FQv7Vi/ws+XZYrFYrH6XZdt+2/bbttBlFwVCC7KXROMwNsq65jTM6myhcWiecUWQjcHQOqmI0N/Xu/sKbLjNuYsskPkKFEi8e2+ig/2rF/hYXZY+WO+P+0pNJaejHR8RsKoy7emO1yM3pXmSmSKLBIUIiISHEOWmvqu49YnpMimzW8ZWOw7M/cKFYrFYrHYUKIUQ/QFQ/7Fifwxx9u+Kx37LFdtu22Kx+n28aX8mLKqTrKtWpEMWG2+8c6KIsMzmhWkkNGdHgfXJo1q8WK6lyuWHP07TthRJn7m0PlohFEi+jF/s2D/ABRdEKbkNOOk4KjyGpGj0xhl9dvLFYrFdvDFY+OPjHjl6OuCQqwakMhqk1QlIjg4dWrTtNODd0mVIiT+ExdCSJCurDJDDn65TtyTf3M+YoUX0BQqKyXLaNSapsO5r6G2bXHrpW5ztN6vNd7w6oO1KH0lIWaVeF4V6l3tZN/QLqpnqN+3l22x27Lt9JutRuKr1KM8qLWIFJqdv1CG3FJxh5qcUWdMqzbEWcVyMCFKrAkYvMG11M1Y+H1UO1QQ7Em/uZ8xTYpzxLcUIrF9yZTZj9JO+LwGZT3nKcKZqjBE3KCVFKsTGV+jVm1Kgsu2/cBUupsvNONEX0e2/bwx3LeLSZLQyqKTietEXnabT34bsWqC4xUtIwqdDfmayLbkvO0eHMjlDnSWx6nPPlDqDhOTNhRJv7mfEkKFNpzfFEi3Zx7QW42Eplp5+mzPTtVadDzcMS0blRo5fGnZBMjMUrgIORptqmzJLOtF6pXBR1Ses1oPR4HUKg1wmSfJrHbHxx+oNBhoqDDRW/DXwCGv8djL/HYyG2WENrtL/GWlra4q/rZH0tzRxi13YU4hTKHx0QoU4sfAhWKFs+8ePzLmFtPEQqozHXE2yObzYkm6SMdPM0sQjx/VG8MaCUiqSXi5veTj5IpEkhg1CfD1oPV69rZfsPqhQr6jsoh2x27fVEll4CSbJNodr+byi3sONzbCiFCmEO+KIVohQovEkLbTmmQxWI7zolHhiUd7iEHCxKURETZcJOPOvG5KxBmSYIp5PCyTpayGSc0LIUTjSbb5BFkiCHIkwZVg9dIExpt5qQ1viuy7eePhl7closV2XZCmyQkhV8N5ReojXHdm5IVHFDsOxIU3sXiI5J6YIi2PxQRefZUEuSG4LriebxdcZyXp8U5FdTjZdhFR/ccyRAEBcxNzicWLpIshUd7Envcf2l0Y6nQ61GH/AGAjlp9qb27CsUKFChV7DlF6oDjeKFCiQqP9o7DsSFDsXiUjhXpRcdkVIR0ZchkUpv0scXsUMxggg0GTOVL6e1GpKL0nfJTukcmKNcsufRx+EvtjMgvtqKy7k59riFknl6MsRe4SMmnFBmS6TM6e3pTr4oP1w+3XbkXIskKbQjteX9XqoPa7UKFEhTCHwJDuXgTLr2klmJT2NCymVJxp5+gwWpDs72ql0X1Q0fpO+qD09p0FpmlsE1HZ49CZaJh2lxpg1KyadHVWsWHOfuCyX4Mp4pMNOChbITIhZBz3JsfcQn2s+6p9k16l1KFWKdsX1G/s2IdhJCm0KFXg3lF6uDjdmwotmEOw7OIdyRbyJgw1Uqo/UH+Mll7qSyK4xnP9P7NmPOwaLw6i3iAxyJFHaRRwHR5sWdZXA4nG3y0egxpGlyWTDFqqW8/BFznjonORfciEcsSTg4rob1LYKH9ZsvYmy2Jtdk2m0JIVdQ/petA43ZsKLZhD4Eh3JFs2TQqQPrJQti4XC+3DEcgbeKQrPtmZUn7Tpo0mCJCmBFwybES48kTYi082RL0IihhsODVKCxIU6D6VVq3/AF2latfjVSobsVOR8U2LBFk0LT2KgyH4bvTe9Gr0tn6gpnTIOybJCW4oUIoVc3uh9bv/ALNsKL9kx+w+BIdyRbNkIxZUFqKpEcRMYrr0lyn+mat+gjOds+HkxBb4xFRdVFji8Yx2i0cjKRBIdOFYodPY83kRUkWZFUt9uUqhavG1cVkk81OgvwXcci1+4l0CuqNQbhEi89fDuhTH8RLuuRC8uRCSbQrJXIX6PrYP+v7Duwh8CQ7kiQjkT3pobEgpLgRflux8SjU+mlOdodoiqTTWI7TbYs6imy4ybL2suZHq41g57k8PvcHIvdjjknGxycbFTILRKdQxFXlR2mXahDfhv5CsfezKJl3pjXn67Zv0cthTH8RFsQ7Nkm02h2uJvKH1ybxrGw7sIfBxN+BKKyPYnBEYeUhEOMoWfVO27Q6XT2KRR32wZbHsXEOjY5KOy6RN6EmxIdMjRELguCKe+wRyEmVIHFYp5kVUGRJX9br86HUMam1Iguxy+1N/y/hqqmmtP+m39scvkIViibQtptDs2q4P6Pr4ONR2HdhDuKcQ7kiWQx4bY+qNtwWxeZyGy7Vn1ap0Wkw6bsQ4iLZd2WcFHYI1xrER0eexTjmQ5JwllxtEOIk2nBTymKsNjjdVBgSH6pFJnTL3ZLovWn6FfwiLY+JbFu39sX3MdkJISXfYUKxQqtF+j6+e6ZsO2KYQ+DgoUO/Tfol8Yi9R+h0D4S4PpX23HWVbNHfq0yg0tikxRbQjkTYipVQgUsf/ACJDlP0O4ocgMmiTg+xwkSIkQ5ELeSIUQiSkNinsVO9w1gsQrGRSLmh4ohxNUupSaLUaBW4dx0TzLcSwGCXyCJZLJC8uZCSbQltWi/R9d/5fDEiUdsxQ7inEO/Sfp1Ouyp1yiXTWXbZbumAfXizxo1fcb93Se2eGGyzihcEkRD2vnqRVqSVSrF1VR2DUqpECH1Gmw0XV6o96T14mR9aX1Iok6L6hp5EPGOSbThIiTxEISHsVUHhFVqQRDVPcVYb9RGnDxynMewkugsvm6ZeJblvB/q99sUSFNptd9qwOUPr43jqPhBj8ycp5Msf87CnEO1Ngu1Ko0ajRrfpTj4qRTHptM64YzrCtmllVq9S4IwYzYiQMqU5xpyQKbbjKqWjQa7DujpDi7UqHPpujLL8pW2UyO1Y9cmEw9oQ6COSZ9ovZInE8SlFk7VHlUidUzLGU5iqpkUx5vHQV+HxotOnHiXlBL9Lkmy2IVim03s2SqP8AT6+t/p/Cz4fqirFNxpmv37CnNhXQK3irN8uyRzixyJ1qpg2HUR7Ky+kdHHlHAUyQimWyJVYuHWrXVGpp0+5q3M1guXGSnXVDa1q1No9eaes8GZFLtmGQ2zRcX25QuOR2wIxHJSsR0ecTz3unOKepzZFrUnsdKlIxakfOkSvs4ycLp9SPgVpfTpvui4oSQuLLJZISTZbCqgX6Pr3+cbYdrHlCyVcnCNKcL37ls2vw1wRi0pltsn6zXGWFcTkysadQJUpu3rNp5U+ix44PE3iRR3BZVYhsTFeVpzHlRemtEeTNeqcGW31KuRqpNToElUeuesUEn4b9NmEOlPIuUZTTOhVZV68BZAepXuj3pDmSTlNO6ziEhqErjVScLvXJGIcmLpOZKzYzs262cnA2L6BKl/1SLcXFyISTaHaoZ+l67D+j2HazYLs6VWLfd+FPDxu7Ci2bXQHEbEEi+Hw45T5fw2JSFfrkKq3pBi/KEREWciISLGQyTwVel+oCCyxFV6dMaJWJln2HAo9c6hR6dKrFDpr9UGHRZ8fSj03IZcaOwFUqgxSlXYwyq9cHxBqdOFt1y4H2VRb+fhlFvZiUp071ilPZKvEnPuxX4eaSc6+svp4qk/1SQom0TezKb2FTm8ovXmPjTPDpS6wMyrORmaTKLJ/YU5sK6BysbLcIG2baj/CqxUaqEdyi0GFFmM/bHHuTLKbi/mUVe3KpUNqYMq25LOpW3MJM0UxGg0KBHlPEU52mtiKrEsdG74rnpdZVWkyjisyZGtWs+svMTIr8dDIJkmaoTelr1gpElwshrhF6nERPjyX4dKL6KzvAty8aSX6Xumy2cFcaaTZLJCSle6P16H/Rdh2oM4qfInXS/Mi5bii2bX4ddH5NAejteouelPzmJEyozKfGb4ThlyJkUyRcrP7C22KlR2Hli60iIi19K04ipIkfoxZFmPim9SALomcLF5TCmSqXbsMmrVsm2qkhoNZoo1Bu2q4dc6R0slXLRqNHK3XSj1cscK5/cL97Ptefelx0ymQaNTvAty8aKWUUlkaF5cmwkm9hUhz9N1091I2HYSx1blESHcdxX4cKkwNr+qIjqVSdcD/9XHnRVNyEI7zuEFwXNWxHuIiScjCSOK2Q+lJEySNNtguyk4YXYXo41aj8jkHprTrggV62bOo/TnWtsQ4UXqZOnKPeDsNVKc1MGRT2odfeVYc5JRF7vw60FpmH9R0jEaH/AFS35ELibJNihQqQPyOuA5UnwJMLTyFWHekyzarT6tDlQ6481HgcbqJvhOEXGmXCIIvyxiY66tkOBOCROOJx5gQcqsRtFUfUODJyTZESnOkLN4VDIvS+qdtPOME4mJEa8rBp0eZQ7Tp0WCMh2PrFedcFxn5sxwY7TzhPO2La1RuyuUOiw6LH3y+i/wDtQ/6pbcaJtYphN7CnBya62R/9F2HYkytPMVYNxXGSJySNK+biXE2orhKC4JKO812bldy9VinpzXaRWsUUqZIVPp5uEMUmjjNDquLEao5iF5f2aaOUxuKXZz5gVRl0RqgkzrOpJOFBhk2w9irokcMag0Oo3BUOmfTFiwWvolsOz/7UEv0vImS2JYptNku6FZfK6ze6i+GqZ/fRFsKLw6V278Ltuofu3xEsuY2ftb/ihkayx0kTMQmTH3Cg09+UTkVqPFpLgOaHETYk2u5aKsEru+YrddH4rTWyIJUMlKgjKGtWy7xPUcmzJsWWHi+bXXvVT+g9OPS6vpF4Oq33P0qEsUMhcyyTZJstyc9nWAsqTsO2qZ+4ft2FFvatDduSv4iJSsU2MblERxIeRMuO9m8R0H5OjkzhKPMakKHOYxcqXMrmva4rCmWz1zt2vOU2tC9qVUhPKtvMAri4HJhReOo0P3NDHEilRwZMmxIK5HjcVUcAAnyBjsUakO1J2wbXp1q219Ith2f1xC3/AOr4d02SbTexD7OrTeVKL7t9Ux+47ii2FdE6Dww2fmOkPCQvCRRMSRMi4w2PGTIiSrE5E2TzrM4YZsvMTFi/po9FGUdxdN7aqTFnXtUaDpHvynOKtX1Ac0cnFITkr5tnzORom3+0jEhmOcelckZBWv2qjnqn7GoeUPHH6ZbCv+0z7bbHKKQoRyXEiZxWKbFNoduPIeq0XKmODi74N/cJflsKc2pdPk1afDgsUekM5NqV/A9xNv09whP1WWhOPjMj68jFeexdqVzFD0pd8U16p0u6ra4mbotqRq9OtWQN1w5r1PkUmZUplVoNy0tSo1YypVYrEEKK3JmSLWmHFk82TTzw9qkXHpUpPur0r86LFdqkyx6WL076ZeEwvZbP9ciTZISRLshTaEthcHt1Ox+HSPykb4ptklkIopQiiqC9aSKcRL1S6HW6brrxez5rROPOuA44+JsuYusvE2QvE8bMrGBUGXapIZt1pkrs6e0ec7/gs+Gm5T9PQ1xh5CPBKqTdHkaVb/EqlTqxSZNPdcEsLfqGI0uQLZxZnM1KlCI1GpDIdqkrLWuPFIlWpTjcmUmmsUenfSLxqHtatcv0yElo4hcQkhJCSb2y/LqYWUGZ/cQpsScLIBT0jFOSiROLuicQkqDRZ1w1WiUaHb9G+5SPaLkxoRkPNEoz2MpmUJSo8gSXHzRorJd8eMJkfmjstiOrVKhVpuu2SQootYpqrFcGQL0xhzSn3MJNTvao/OqDO5AgzhIKlOFsKpVGiVUnfnFbdmP9JbTKCx9Uv32me4LX/rbjsKbQ7f8AHUgf0NQ9s7b2t6ZKQXzfCLHkTHumNhjaUcR9nJjIlYuMPOCOrxfm2fILLhE1GbJtQZTTgMxyeTZCnpElnXWuMQziSKXIN8ykg9wENxWLSaw1XrBn0kniqzLsOpP5w45ONUschCqOshVK0p1SBxVKVzHZNsjWJTMdqK19Uh3lj7bW/hIUI5IW0TezabQ7CK6hN5Q6sONTQ6caH7lI/l8OjloGyLMfFR46rUco5kXIErNPZE+xIJxonPSteuJ7WBKx0gi0IEp2Sqk5+GM6qRpUmD1OuCkqD1KpdWdqFzEyqpXH5j/pfWTJVLEmKTTXyYCnutjUJXpxmSFMkKntk4umdtvwYf1S8JX22mXyMthLwua9LasuHcP4qCU78Q3VScmet3VRlSuul81LSj2DdV9KpUtqkTC/faYOLqbadc1ovTW5Kvra3TGhUZQ28mgFR/c1UIrUphkuNVYeRSHiZOK80pxcjsUvTu0OQOUMvZ8oh4f1FYtX1WlUtfhGo2+1FdkMiSJyTFTMp9wYIkR27TxmENHhi1WhYZCdMLlkPER2TZL9/Vi0eltv2m79YvB9WmXythJV3qbYluOj+ILpp2uT8TTGNduCqXFUeQSX26OERF0J6Lhf7vV7rYVyIiWW4wSnP0y0W3nbYtKl0yOMVSPlxYLfymxyUfiy4xwuqKMV3V9ojrDZi7T3uZNynyajyOGVR52Kps4ZAQ50MWmcvUk4JSZTLE7WtWnDnO1CzX4+kqjkzr6fj0Z/ahl6UpFxNNwq1VSlOznkzHqNaqNm2rAsuhf7N8fytGQ1xczSue/bVtKP1B66XDdqxIkLaEkPEiEULaotI+LVPrRwdMOgaLYUKivCzMpcEWzpzIlHcZUoSVP9rQjjr7mzbcEiqENioQ/RzILswWngGR6GQzIYbUpknAOoPw5VDuQRai17jaj3FiNWuzhVNvZiQieGc1Mex0mU1jlqzUZl8SRTB01kVp17R6ZlpMqQ9uj9hnbtO77d/pk9ihey8CJcifL2sdbLihaVPqt1AqqccflOcfh2Q7dFoQVHqj+MyZrpoi202IctLHmFUKLQ8XIbinM5O0/9uHmaF7Imyx1yF5XhQfiUYZRSFcFNyVNqxMqPIyVUpsadF9ZVrddpt1eoFm5Mgqjz85+17LmQX/TxmYdQF14p1YjQ2p1QKY65Mx0ene56R7nphLo3YJXJUcvrSnsRjzvczKEhF5E4icXIjcyHw7eI+1dAnWmurH4zv/llr49N6hw1G25GTHtcKRF5Ah4d8SUxnmFlwXByxISyV4Wy76jmjOMV6gvicOtYqLVIxNTMakxKoLDZRatJpqs16jzn5FajR2nro+fUrg5FUqpkT1Q5DKUT2iJwVYNkzL+rsCBDpEDy7+Z/bOL8m2yxZyEClYoZmS5VktS/L6XR+cNM6k/jKh6HR/KDNdps606g08TLYoW8i4SjmJJtwm1UIvELMzkREicElclti3IF6G4FwWv6rQZz8N+DXEUhqRpIZdFcbsU2bqrcPSVdk94nq1JkLmkvIRIQEU88Latm3apeVYtK2KTZ1E8cl32y8pBflOe98XQVKeFsJlU90WTkuZC8tXvy8xLsh2pcwqfUfxIf+xdCvIuIQ6W1zkh0eR6qPx8aJsXhZEm9SH8xLHWdF+H6i8BBIEUy862FyWz8SQuOsv1qhw60MinT6WUarIahknHuQSESHH8xFoUTickCKemCKeeQzpTLXSnq7/iigzoVUh/VIeR2cvVDHmTqlyaOO5HHkYi3KyQvInvp4rptrp1I/DqWQ7Ylv/1Vr1o6DWrNqDRNFiWjZYp5sSIXBcRInMVMZKDqzMF4XBxLJV6lw61HnQX4OtQpZSFVKOw4bkGYzr6x9tfEEUwyRTCXO6snyXHim6PEqtLTKsfqJWbFfc/EdlGldWr+mO9G+oU+6mvpOPcamTmMvUOyHZBYiUgsmXlHeQuLk+kO34Qbw9JWettpa2V1KHz6Z30NFk09xp5rh/JEQibwoixTzeKqEEhJmpZEWJaFIESceU6msNlXMU8LQk9iScjsJyPGXCwKbi5L0JCqi82mSJk4FLo/VOG9HfhyO6Etosx+C/RqzArNO8RLbuiL2y8uKuTnWRp84kTguaPD+bbmKGYKbkIpH0PZsO1uVuZbde/E9SWLss5CSFabkKgkIn0HvB17Xkx0kNl3F4cObEnHMtMiTwiSqVJalA8Uym6+uF5OSE9UHxUuULhOR4Tw/DYfb4Sxoip7A6NtNN6POCKqlU4dPd3UeS7FdrLDXWa2dv8Ar/xDmSYLvTDq+xWvoPF7KgOIXk8LMeHK90eR+RSfeT2SEkzIxXP9AfH8PtcgXzZlfos62a0JIfGIQtyaXVH7brlu1um3VSBHEiZWTWQmRC58tE4KcIm9ZDLExqoWmfeR6+np+U04nsSX2onlzY6OPF2kThEahWFkRFvQa9UbZq1etim9RYaL7d+nvWCfbKoPVa1bkmFVmEzUBcTZZbl7jrEjFi/qoTlVpsrJNyBFoXiJaOLnQvptzyEthHfvtalx1C07g680OmXzbYktHFkh8Ccd4Oj94t25X2XhmBj+cjHMhJlPSOQRcEV6rIubIxcxNxlqRpUrKpcxTrBqzanUuqQSykpwpqeKYSnTBa87Tueo2ZcXX6i0ql36XgJKmzip9RizinNUfnTH7d13UiULJVqrCSrzJTqrFZ9Po5ILCG9khHIZBdky8hkD2Isth8x3/wC3RvqFBtqX1Iseb0+ulC4Iop2KKY8S5ni1befFF7ov8bvS7qC/V4sN5qU1Mb98gcU5H9pYs66+7QnvSvlK9ovfm5KUqdxqpTmnGqw4w5rMLFVKYY+ZIvt6zVMZdW/53IkIqj3FU6DKpesWRBJ4G9JVYYZT12Rm1WruHtMuZ2U7HeaeEmxEZxCKiyMdW5Xtce5NgcJDuP77aDsKxQ+3furflt9U7UksPwn8clihHeKOMN7+za9edtusUOqMTobbwyDcHHRwVIH57jMklw46PCpEgRJ6cpVa4yqVaJ7WZVMlUKoS9zhCzksULeKLJvTlXKO1NcYamTqlMrFRLwEdhFWr1RuO1ieq3rIs71MhSKLPLQbLdFqsWSTLUehvs6PQ3e06K7yst4kJYtfboRIPoCKcHHUS20QktUy86y7WJ0mryd8VosieRZZiuld9DQ5gyuYBlZJzJtejaeF6DkJQSZUz5Okj5wVAS5ahILKoVJpvRwZMzV5sXHRZFY4oRWQinpIksVjs2m/LIRXuJCyrJ6jNExHpLDenw1pwnILbYXQTQpxkU9HaUqG0pAi2hyISL8mxyTjmPgK9+/cUXuQ+BbCS1bEkUcUTe3ZYpuQIrhac0Jsm1066oFTijuFgMj3tlzJ5lTpTSnPRiVaqlO7VSqQhJyRMqjtOsd9VwWmYoj2HL8k85i17iWOwjsKaReH3IcR29rayMlZvWamUS2und5US9n3OAguoeauyiIVKlEnnCTzJEh+S0JZCLmOjhEWwothWKHxLckO5CibWKFONiSFx2OTNSaIfTtOadO78lWzJcqTTjEOsCQlOy1mFGeOZBjFpUqGw4+zZ8NQ6HDitXJXoYjVJzsyUQ5LsieFvV57mLYRRFsP2tr/su233IRX2oWUQpyO6ujdWp1tx/wDNmMKhcRPSZVYkvGLzribZWsHLRyO7mIkJk2hjiLfgJIfd4EKH9vAhQksRWqFdkQ7PNrFC460maoRaWbej9uyqPUqXWqdS6gM52ViIvDPedmNz2X3sY4Vb5bFwS40OOnCx0ef7oW9iQii2EUQ4gH2jt9qbHLYRRPCyuR1xcbpIWyQ5CUG6KpDVJnMVqOzScl8NFtdkLuJzI4ic5sWyjjyaPOY+Q7D4D5kO2i12IUQ47W3RDuGt1Kg2nGlzm7j6cz7cvik19M1aMQATuJET0qY56V+sFJkKrFPrUpux70eTvTTqS8tenN/MqXRaxBXcUMckWO2OSFlSvaDP2bCOWw+1E4RIWQFCQoSJE4uYUUpoVBrD9PdtfqUwRSuJ5ckYVMZLlekYhOcJzVt7jYkDmOzfgSbL6BLVCSIlpuSyRDloqbUpNHqGlwWHdJdQ7tg11Q5j8N+zbyh3FHo9xSXjeqDEw/UMR34NyQ/iFBvS2piZZuCSxq1eMQpFXrsOM9eH53kFlyol4UmNTpibbXHtMJN+1hscl9xL7UTZEs0LKIhFFIyWLriFlpYivkCsWlZN0SWQJt3N6oEm+Vwyg+1wcQhyB1DyEshH266L2+euxbe4di2JODv22odZkUSdTCgOUpyoNCrZvGnWvcNjdWKfetepN7dMqwoFXsmmwovUoxi0Kkj1DBq17el6SLQtqBUupfTO360MqgzIMrjIdvt0kFkZe1jHEftWiJwRXG68sRbRSCLXHa1rEvG9XLf/AAi1XUaX0S6I2zoEDpjTlIe6euqTZ/Q6bLvnp/VKdT48FpsClMNpyoE4iL89OQHNiQ7tolp9Tt4a7EKIcddqfF9U7brlQhaU0atOqMPoy7Mdq3TZmjt0Ow+odHUqg3k5JqlBrxWz0frVasW6aZ6+j12qVJ+YMiC/VNOsFgkVzN2bWxGVR5LaKnsE18LfedepM9sG6fJcJqC+TrkN8dPT4ovaiZfImaa7qNtdP7pu+p2Z0BsKzh/z8GY5XgxUNZF5UsXZF5RiErmhkvjTTzrNSk0124hL1jMd1wRgl342BUiQ02Q+TZIvdo39DFY7Y+JEiJDsQ7Qj1alWlatRuqoU+kwKPSZE4hKLkTFLZxTdNY1J6OONUtVhmpxHnZUGdVq9T59JrHUEpnUgraq1MpPL3Kjj6yRT40cyt2iPL/B6I8U7p3AJDYLEoP8AxvJJOWXUY+sq0SGSNnyS1h26POzfk+DTJT1YnC9InuGIzBPhYNNxx7FHF5fDWGyjxX4q7k8UynvxSeqDuXMRamJHsO2XuLYVkh+/wFD4D5EKFlCysU43isVadqzLiqNv0uNDa9KTIfD+Y48ERYH3Gy57OQS1kC283WLTK4plqRaVYdqTOpduxHbksek0mjQxIn6k27Bkiz64vTvxX5UUvTFOGQp0H3R4rT0Z6PJjnHgxnBkUdpk49PakIqW02MemiScpJM6yGZLIiLDgOMiKy4zyFvURLFyOL2mTsdVSmsSAZjtNlzsBsSEkWxJn7RX/AD4DsS9wrJCSyy8Rb8CHJW3btRuKqWzasC16VR6b6dSmSTI5OR3OTRtciKUI6tzMlXKi/TK7eUi4r2qUy2a2UiZdkCRFhkJR3CyDhajDVh+QyPrIb1PalRqfKdcjxZGSms5J6UMeSTYyowiTLr0dqQ0yLrZ8zWMiKLikRfRu8Ip6HxiMdM5CpH7uM8yJsm9ahTeZaC4JLLLwJM/sKx8MRHct8lksllsO5Eu6odFn3BUbFsOnWrDc0Kc+2LQ6TPtbb5tIbnGvaiIu06Q6yqfVCkK7GWJUOujbEPWpE6yTLjEeOy46y69KAU9NdEJFQGVRqXOHlbkCUyRH/VQ3HXIrcoXNZ0NipU6hyimUqcyLzEcuSLiTmrMgSN8Wi0lEIpn2pkuQnBxKQ2JIhEkTamNF2JnFToRNu767tpvYd8dyLzyXdd1yInFTYMqqSum9gtUGHIkYqHH9CEiQIg45jK/jNl4XT9wr1AvDMESBqd6SdcFSEafUJ1Rq0qsFUXKi5XhnVX1nMxyFMKU46QRZxR5MWcONWqBR36hI9rj3ImaoJNC41xReWKnvc+28OLLn5f8AZl7EJDYkm3CTLaeyLUS9zgtL7U43kMqKXaSJLJY7EW7f2iSbc/2BEu6ptPn1aZ026bRbYiPSGmRgs8aclERcfzRHI3C9/wDDKZe9QAuOxzmODwVr2zLs0xocW6HYLpVyTO0oY4xWXmsYrndE86RVCnk9pHEc/VE9GprhFFZbf4JkrsxT6kT0AZbTiKoZALgkYyA9O3M5E257niISZbFl15vEyIceTF3kx19pJvFzRwcVIjlnuW4l+WSbcTZbD4Y+GSyWWxFtQbfqNyT7DsOk2qwLZNqK3iuEpDrmLaLETJvGTxutlVMhjQZUnvHcanRp2TLUiRzTOoNVag2/rXnIJR5VUrRsyhJMlxg3NdHQp08tZk52OUGpRnnybYzZJ2PHjyiF+UwxK1gyHYbrZC4088UiK3MGVHiysmnOVkmXsk84Q6C8WZEQi3ipEfEsvlZEhxeBwchPTsslktUXjihyFC4icXdD9Al32olEn16oWJZEG2KY23xusxe2oxScJsRZUgu6ZZEWByedbyeAmclwnT36a8Iv3BMFtQy5H72v2MM/4tDcleuJxN1BpvSHI5NfXY68joiTjRaMymm5MGdyaZNOR6S9xgJD2FzJqZDKOcxshep8osnCIdWZAvRW3Pmk4RPM48UWUXA3wNqROjJ5x3nKoOtvwZhEshEXC7a7YkstxFYoR37rJZLJci7rJZbZItqPRZ9cnWHYMC06dFi5A8TWUeORJtsWWnC5E2ynPaLZYqCREntBwlCJInhHW4pxEd3Xs1QYbjxEQuEKbnEKYmCo84UzM5F6oWTbkOvA8TQ6QZTrJw52UwnChtR5BcTJEQlIGQ0TIk7FZdin7cGeNsOYm1yZLkIQ5sdLmuwYY0Owb0uHU+m1/UhTmXYr8Plb0JzHXkyIh3LYU22hHYiXdd1l5d/Cj0efXJ9kWBTLSgCyOMgiZjRWRbaH2k85k1HZWItg4WSbZHliiIqUWISnvbOkF26nXgVNdfedePdtwhTMxR6gSGYhmO5e1zRuP+cVwxP1nMDLwkmc2SbL38mWv2pt4XGPaJCLo6NkItZHmRcY1KC7Urt6JW80Mi4JxQaPeV2TGaZBrjsyT6zk0akaDsW4prTTbuiRbj4l4CuhTTetwx9pP5ursi/iZUj7O+vMP7xddVUtNNE6Z66TiLC55D0mu+TeqiGZasGehNkRFB110Xf3t6fMZLXUWDPl1MtdTM+8AiKLC/MHdcdGSLVmN9o6aINNPU0X86n0m/Ir3LXS07yIiodP00GpGRLvr3//xABBEQAABAIFCAcGBAUFAAAAAAAAAQMEBRMQERQx8AIgITBBUWHRBhUjMzRxgRIyQJGhwSJD4fEWJCVEUkJQU1Sx/9oACAEDAQE/AerR0UWXbr+E9RH4ii9ORtIwxqVbVA2iFkPyMdFvw5DxHjSXxawgbxBmhJ2h4tPiN3LYFVpDcNIp/Kn7Q6KrT8t55nSjy+LkoKoBVIXBZ6tjcJ3EdCf7rG6kgWYqC+FRWEnFQV5B3DrvmEWK6QgCMikgXx8LoIF/sEM7/HDWlwCMLXHUi+4KsF0gsj8FDPEY4AgQIFnLc6C0iFwi7KCLchULCXALQtBYPOj8gLN/YpLWwzxGOFBapgzuDZG4KrCdxFdCyNYeQVBcRGF2LXwzxGOFCPIECz4WzXcBixkULcxJDPH0zIm3tCAfM7PrSDHv8n0BUECzG7F0+WkoCIwtwxDZjaBC4WgggQV5BZxI2i3BvpBZsUZha/1Baxj4gvP7gqCBUt9IgCRQ1CZUR8hEVm7613aPK+8QZGavwoWnh5DnXESXSQbu3CIYu9+a5u+Yc+K+etY9+Xn9wVCOZC0rQuESPwyKV5aT2FjmHcMQhqDtf/LYIWjKQ9vfS+iKxBm7QcXkOrENw6sxWJC4WeWcIvkHFD73D8hl++frrWOz1BUI5kB8cXnyCTs28PeZeQVZ1HVvGXPWQ7Q9J6T/AE4bi+ekN/DUTsVhVFBcZENQnkuWLgj3+OA/Eq6CqxICMpWj3Akq6bhnGdnoIot/L65j35ef3BUECpgPji8+QS/f6B2t2/AFQisOw4BJJAdyEf8AMPNvr9grETS2HeG9le99oCsOkL6Lv2EX8OXp9qC1jC/5AqCBUt3FnXDeIort6EaEWgsIRboBVbI90fkioWFDgFYcJOKhH1d3rrmAKggVKH4zDdKUhJoR5fYELXICr6aJ10l2W6oL2hJcuzrLf8hkXFSqiHCwfIyEZ2V/f65uMjuyzoMj21JU9Xvd4si/H6hpHDb9iuR6OASj0/YEVq6FuQV7+SI4sSqxFu1zb3xkd2Wbk3hizs7evyoKhVYMEUNuLhZGKuReOolE/wAaOkjESYIId8QeJSLhDHe8T8VhZYOXcpGdtu4jKyvb1K3PNbe+MjZm9H4XNOeuFtGaxWHWMoQyNIK1Im7xoEZNq4QvIPkgy2Y3BZwLRNERWmr8PprLM63BvDl9twJmgJCG4JUt4Mu4CEFQQDFGr9g920q8qMm+iUZC0uN/1Cqs8dygHbgKuNX1auG8OQb+fEVFnZF/qQhXbIEFUQjsoWRp7dJfgEZG28TkUqFuQnYrCz4LLTfhejTj8jGyhHlQsiFmlE7FYlYrFr/5hbEBOm0LLaqTivWQp5IfFjcEPxljHnmSMVBZiJGKh26PkJ2KxOQodrUTsVCbirPRR1vEQCP9sTZfy/8AM5ZoFkRYTFhBooNynLB8tNPRmErirNR5UycV6zIWs65GILFLa3LfVmScVBZGicHD5BAPXy73y1SKOvWEDiVjXIvIZB+2RHvzVlS4B88Qbh89n6tF32NQnICdiqg1dbAI/K7BfyKsEft8a6VuYWnriM5UrsdUjy+3wkFj8rsFw2cIOKJSO8Plibtg+WtC+utK7d7KWPReLX+d6Ccvj018LjK7INn9oE7FQj8U/JRPGLtdE0piGh5Uez6Bom9UR/qB86h1iy8FkaRbHDfstOj4Do1Aou4ZHEL2JXh5kLro2ZGviFujWWOoF8EHjE264IIwueU8WFzuMWZ1uEgxVRpCLN0voqPGP1DPo17Xfu/QfwyxEU6KIqlOaiIwVeHnPjTs6twVjkLar/08q/QZMbe5ZFlWK/8AT4DofF12UDdw/wD7/wBLsaKFudEfbzWM+q7hR0bKexxwFnFmLBCwocB1Y33DqpDcOqkNwJD2KZOKhGYUhFUJK5CM9HEIAjPQZV+g/iFwV0O+mvgsGN5pDdvZyzH3hHZcD+wkYqHRpHsNRJxWKhJxWJGKg/YWi8q/qHUDWn5dTLbu8tdDIWu9X4BsjZ0JKN+3Nce6P9fqIWjKQ1tXDWwuF2zTsINm1nQKSWdGndjZTdp/cQBhaHE9c+NXqCE7FXxEGgttPSGzFBsgSOc+cINhFInbV6g3eLtw0jW8IvkB7fEIrZ8Zii7e4Mekq/5wYvrRrD78hAO4zEeQW5DI7n15DpVszG4Q5fYI8qEM3pFcIdz+wgvcY4Uf/8QAQxEAAAMEBQkGAwYDCQAAAAAAAAMEAQURExAUINHwAiEjMDEzQVFhBhVAcYHBEqGxIjI0Q+HxJJHCBxZCRFJUYnKy/9oACAECAQE/AU5MgOCfIifsBxpCxvVgN3DApdxCh3N5tY0diUrEKdYm/wCfypZYOu8Ow46LA61U13M8hkz6wq4Z8wfyk9On9Ak7UHEZDayOxj3Jetdy8jg33tnBnhmI84dciqsZjgHmoq32zmB6P8h5fY9A9EnxEfwsR/ZMSoT5T4yT454bfPxxzlDuT1IPRCS8GB6djD4xTRDm7OPAr8UHW7agcbsZGHyg3WycQpk4iDSfAwYFe/1TNTJxEHE69Xx9fbVE30zofsDlxGwd6EcwUvI5gk6Ng4nXLOPr/TQwMtk3UvR6cgcoafxEWid1CF6KCAhfJB4nYh4BXx9fbWLlsohoOzxBJIk4iDrqE50AS+TyghehCjz16vjj/TqSbqHiuIThY86xQTcJuIA6+w6zpB4SHTdcr3OOeoOOIT6Y9oRvIhRjyChRBgejzPPPGRwCdNPFXkg6+ynCBXsGRwB12seNvYwPQ6uNmxCGeQezqH6plESY8uNCc4hOeyIQvdKJyU8HI0oVpLBNwT7QRuGen01B11lfumen1DKDbrC46QQDjgSaeqPSdA9zZp0KCU/PoELmI5hW7jyPuNzdAauPIHeYrBAyUlY2A1GeRQhKmnhPuP5fQHWzrqSbqHjtYGUHXgncY5MpfP4HHMFac9nDzCU3TfJgO2tpTnHlDvM7chYUQ0bogEkz84dZtX2iUlUcgsdYdf4jHQMB11s4MoJuoV7hgZaen4EHXgncY6UJwaSNP0B0fpQdeHbDNjkO7iDSODAcSqRbgJ1k8jT7YN+gc2/b53ak6+km6hXuGWziZ4Vu6U0MB1wJE4VwGzz/AE/QEkj84TpIJeh4Kek8iScJ2IhwE/ng47WqztBqFB00+xJmglHKFXUSNgKk+o/xg66gm8Jic7Aj4ZDODPnrlhNom4Pc6QT8rDBkcMcgUaSK2DXdWGziWwiDnMwrI+OLG9M91h2B23+2uVnArb6e1BKT2EggQYMzA9Fk8+wSSK3KzBPCDPQHM9hKxEZwrKoJJCAmbocZgzNrjrqEZINupf7zlaAgE52+tLAwKyghOPE4TsRE5NyCzjjkCSQSm6cvYIyZGsgJOICSMhIRk5HxZYq5FB1wOfJCcHPk4/ZsC46ISb/+VB14Ju9gVfTNxCk2eaf0CFIMknZq6ueCUnEQpV7pGR+/D9aTuIemiVSQTcDrgTwCc6nQneY05IKn2CUYJJkeBW/fR/8AW6x2lJ009gJvB11BJwJV0ScQE7ERVBVDxJZQST4JRpUhWXyb8v3hYeiGenChlXbZJV+wnYgJRB4kNxnEBJxEJ04JJEnEBJxG2TdqU/8AEFtI6Nx9LPaVwTkXeBA6WSTgScJ3UV4JzT1ARkyiOtiTiNudiGoydAFP3p3P65rCTIrKVWmD7dfdq5vKxOE/EQTdQmQ1gIULEbNlqTiFiuCdiGqK+0DSpXWl2DtE7q7HncFJPwNsSQSS0IUJ6gIUNXyLE6wcTSckGSUfj0EnEaJWI6sk6QJVYHaXs/N05AbkfBm/eki4EyCN96cQ5mTdNqjibTI62tM/PZ8g+uzZCzTovPkFKZqaidiAQlVhQEKerkauTiAk4gICSQaQJPQQ1x14XOsl5EaYLnWei0PD2CdPEOBzf5k/XI2c2YzA3IJ/IxsFTO3wq/xZ8cPAP6QogE9VRHx/UMf6XDB30nCdQxQRtorxBAYuTCsZPP5isCfiIiwTsRCtclI48gd2kb+Sz5D+8C7riAQ9pTtyf09gheLFuhRwFTPN34qhHPwD/OJ4CdiNLgXNKPYQIh/6FbmBKnqK/iIr6jmO8zx3m0d9HYYKxEThmE4O56HoT5xIcz6OeW/WQFUJ/wB5jNr3o9Kn1aFCg9Q2wh0C5IJ3UP8AO09ucJ2IifiInYiJ2IBMuq7dvIJHyRILir4Xa55vQhERz+oUKKwdOs5H38nzZ9Qzds8v6Q9DawfrCbhkHfZ1rzelSJhx+YUrqxadaSefGGYPlXIIkEiTiIk4j4h6PSpsbnB6isHzjrSFDWMsIULERLOIOSEHg91g5CJPQHX23Y6yD2RaDnAQFyGRrMkdo9/63WWDL3zPT2HZrj5ZP/plg7j5+wOBwN4BlhOHN9z09grDz37KP//EAF8QAAEDAgIEBw0EBAgHDgcAAAIAAwQSEwUiFCMyMwEGEDBCQ1MVICQ0QEFEUlRjZHN0EWJykwchMYRRYYKSlKO0xBYlcYOFs8MmNYGipLLC0tPU4ePk8FBVdaHB5fP/2gAIAQEABj8CCrIazfmLMSCnkdPlqpRFT+rk/wCHvGUCP5vkbSZ5fNyeZebyoBKsDRiRVtKqMVDSBqqtFGt2i701PPg/a3DR8HeAqUX4/I2k1zHmXm8nAXGAR0kbKv7ciuh3kw9qrWmDyCnvcTP7jydL77veVeQ+fvGk1y+fmfN5INSO2CIWmDeizN+z6qqFh0zTWMCW2ejmw51aB0t10OX9XJIjN7B7afEei+75S18xNc/5l5vIA1SMhoUeS5tmaqcGto20EMts5F00DTewCq6PJwNkqlIBTPnu+UtJnlNjpsBdNGVQZFlKuhNRidDSH9hvn/NzjtSsOZAYNGMZ28AI6mKAeBC08wDwgGRxs7D7a0WSVDR7CGolcHkkPsqUX3/KQL1DQTHBM44bbjfVo+MrbYzArjtR221TimHMR8P7TCL7D7aN1x29icoI7VxsL9vRlEgQpNDVcj5/1UtYm/LmSjDEDuhIc38WD4tE/esRXdGFjvdJ7DzuR7HibaamkQRpFEdqRH98tnyje8msKiPJ1SAYztYLSSI6GEbvQPVI7ZGCiNOFRINBrVVUpCmD8Q/5TTVQ0DWs94mrj/g70e7Ibj9XHk+lKFgIlFPDIp6RctWH3GfREEkhOZ4PkiI2rVlow8IcbbViNh2kn4PrGw1+jxvi07DbkygaeBnSI9aukWtAJDQN/EII2KSdGjn4Pcb3/hPsiPCXMRDFYmjx9Y3r1dbdrDwejyekhyLZQEQHkQPxHzjeu3WtGnz66+soQE2/WAbFtGSAqiyLMRrMSkUkpRFtnIkeTlUjdKsz3QNo3W6LQdZ2ciN43palvzdt7VBI7OQjJsazDVIhp1u6tt/3tdD/AGDitMtHsbts92sz+31fZo6SPIgKTDCg/SHL6N2A+Eajs5lh9R9PGEe5r+nTQzZ9MtWsA0rG5fZxI+o/paApLVDp7bbe4b5jz85s99s947UsSYHYCT5NSrAiASKENJ1meqNawjrP0RzrHkDXQY6tvq1UL/5gKlt83q95c1HhCaGfRG6225v3I6OTAKVR+BGOlGZmqY14JAffv+EI7xmfvHHb6pqAFmKtAIyUZRMRmxnd1cgYjYVY4iWKx+nExrwxUR/AMdEPC8KPpI6fLHVi31HkoVCbIBtuNmmZNNbxnkfcRlTWZ9YnX6r0jSI+j17htbIAQBvO0VJNGyqdgKMirV2SRnWqW8gHqraIuAqKAVpsQZBBlZd+ZYfXqf17CzCsy1boMkvXNNTIj78aVF1seXHOw+2omE8aK42IbrS+olIH2SraPWg5zvn7wF5+ZdWJ+SZUYsizQAWtZ2yzGYR2uuc6z6SIndGI2Wj7P/vaBoqGTMLofOWYQMD1Wjq0V8PUbcvoMtk1VkNVWsnaIfwcgNFsKOw2wBu9OhZXaFtZ0YiQGHJrBBH0wruqqqhROKuKFo2MRthxzcYz5CHNO/gWIeSADJVn6Q52aHTQjA+87WDDh7tn0iVLjrRm6GWq9bI6+UgpY/MPeIKXMj3Z9XIWu2Oz39xUCw+TphaDSFULQPeugajYbKe/1CzMVu9gjLQw0cw3bm/iyFrof712iCph5ARNGFapEYp19XIBUkwDNHZhf5NWJoycfAaPz0dP5iP76i4jActTcPkNSI7ibxCJw8HBiHBw2sYw7g3sJ3yAOadUjyOkSNN8PAPAD3B+rTOELtv6dj0mUr8mt4K7p+8RuiNCvyXaGg6vtEZa9lqu0DdevVTYmAHqguIHZu29sIxeYyUbdd9APVAjpooN3rARsONVtGgjSWGMn5DiB+wwYV520ZNsUAYbtGUYjoDtA17adaKszPrHDWsrWy+HzFs9PeV7zkqQUkouNwNlk/DGOonQlExSEVcSaGkR3OfDmnUX4PIwFvbBVOO10aoFm2FUIoHSK86/sR9z+8/SrXFRRpGjx2w3jyjkWwwgfqMzo3jiASye7b5KVSOdZqKEYC6ZVoCIQZ+HWICQg868ee51bPoiusjt9ohuMGAIyJgnmu0VRE8YLL01TVsLKqVH4iYpkmhqsBl8+HNGvxx/Iswo8ypEcgJ0hdi0MSM7bgbyQtmsK87idabjUZ2fB2ED7mHUBXv3NQmmiKt01l5KquWmrIazCD3qW1uAr94CvstUSw6xs7Fz4WWgJ6HKOOyeRuW3ftoHxoMNc6Dm/Y0hGNNB9NttG/EroM925uEdTQM9n7xZhM07bH5vyVSJV/fbTT8Z840iKekR3m9+28sPnkVeJgFrFfnc8HNGo/y/IpBdM2rQLN0Ajuu3PSlajEZ3/GHG9ze9lWjMtaqEHhNw9QjG6D33W9w38LHWZqs2D9ewx9UgaZYrBl3bbBU+pt8mVG7SAAHWclJDkVQjy5kfTV1loLR+MNo8tYGnVIfiEjvBoztCqqsmqiFZSWIYdPmaNHx1qO0HY6ctnnQ73/x701H8hpFG08JPGxrTc6hawQO//wAlZjKONPhDwSLTnZoGMjO+0yU/2KB1wD0cAZj+/cUcRaCNHYC6ee++48qRHb7PcOIBpoDkpqOtAJDWAdX1CzLLnBdBZRr5M3ebKP1T6tGL3Tj5Lf1WjI2iHYNeoaAhTTrNbLrB3WnG1g+IzazkPBredDmjUTyG+46AACpklQAHpBtuAqnh29bbc7FG+4ZvUdZ2kj0SKo8MRBkHzZd0hzXsRVHklGlYlNDYYrsMXvi/aUDuJHWf4EdX8tAgFVepybRrZ5cqp72pOvwB8NZDd9ogfJqg6PCO2bnKqnIZ2kFPJxiwfhLNHmMz+CL/AA861zRqF5C665nz7tX3kAiR6W/162rMdnpt69/6pNP2qI7LX5cGMtW1XIAN44tms+QOnXybPvOSq0syNUl0OTKgEuz3nIY08mZPffRvixRLM6zto2hd1XQb5ApWD2R0kcWvYJIb+pVI9DnGuaNQu98/NtY5xqrZjyvE8MRyuLOlRJsUK9EN2+xPRsOC8y6GqkA4nTpCvR9451ekKFGHOdeT3ajxmR2NtzkqJU0oykvshR99WmxMGg7NUlJ2w7NATZZECqVPT5Az7HIFXeGjFU9CveI0dXJh+LQipl4fIZmtLDcdg8GoxOGzI4eDsfheca5fN35qLz4Yq8xRxfwpyuY920j2VVM1xo7OqbbYdsIMJ4xkWJYY/khzy38d72aWo+NssVhi2kaQr+3Sdpz3i7sSRrlyvF0YoBpV0tgA6tHA4vYDiZH05ejq/N7rnnu22wQOkw8zI3tyWevVQyQ7LSG00Qz66NuImmsQI1Hf2AfO0edXWdg1l5AJZsnemqlIH1GkaAh5MM6WizMWj841zHn5DUf8ffVEPMQoDI1uzZjMcP3lYPxagjRGw6Hn946rY7amcA7YhW0oj/TDEY6iYdavGZpphsQAAVI7fJlLY21morQDaCha6BCOX2lphS+5pUV7FxHDntGyZ2aHG+rkI2H9vR7sf5y7ky6ziVwXcOlt7+KoRXzOuzCkdg497UmnK8lvPyGs3K10A8IrRqqms1U4O46tOknUHJC4fXmYtzjXNEgL1JHemnXR6CPvwmbUfAo7s1TXxzHsAgfcGhFGbkAPCXaLGI2xRoMhSMYIQ7JBUSy7Z8lQrZelyOrjx20JMw4UZo/a5iJosNw+YbG23EkWFaxKNNwo+0kBfh/0uMrovxZIdoCO4IGCapLMCibcYGEcMSy22XNvrVmJGgqWVUkW3yn6iMemnSJVeshQNNjW6eqBtvrFxewnhGijBoLsgPjvS+cDvfN3p99LFTR9cEff8YcY6cqRHjq11Qa01aa4Pt4RRtRtKAz2LawzB3GDexObo7Uhvs2cKUcSGg5XhDrfZ/Cq68gpooXrmaNHZmHGa92pHdjFsdOXRdhtt4jYhuKU7OxXH6nY8iPDKLjUqG5hjt/f/ExYfsasTsVc41YaB6EEmi07JaRzMEdewqX08lp+K97LieGLRpohGkdNxvcOKoc8c+rQZqDRuvb41lLY6tGIkFAdW2gmEMpkD2G0FUnJvTckeioBvh2VyvUOLK6FZrMWwjq9dGXrqlVcnF1iN4w5isHgBARDRXrbfZ84PNO986LfQUt/bsBdNGHf/jxGcpEkSzmbytjnIzQW2AfxD727jrQBfOQUU48E28M6ydJlaT4VLXqZN4mms5msvIYuLMKkQ3qHmpR3bbnbJ6dhZSsN+YF9ie6o8/jUQSY8LWx4kBreSEePcWyONiZ6qZBcCwxibKOTEYMJEXVTI57+KrU1qzIZ6txNVCrrjAA72jaqqBGRP61O1PrZshvY7m/fX3A1Sokk+bRoxJ28G9BxG+yXQ5D5MyKb0MIwyQ7znnQc0aPvcTac6bSxUiIM+HSGkffxx6GmYmpDDmy6eT5q4eCYQCL/AAaolijzubgYn2jJaZr3pc2ROmnc9F0mV6Isvr2u9MSGg1rGL3vG9+tTJlB7t8L6zaL+U+g0sWHvXuNp3FI0YGa2qJnvEDtJghqFECMRJHmVLaOSMM/mNql66yZ3vGFSJVgjLp9BxS2Ksj8e6DaM/UVpNeoYJpTcZLbxzFXvyIfOhzRqR3puiSNio6DC1zEvh6AYgg+7totCKh4M60OWOjSK7Uy3/akebYC0CBbIffcQZcnJtLaBeuCqITBdPbVVKpJbOdZsiJ1ZeuNXcUxZjDXj2G3DVX+FphIDs5jDCqhTIuNx914RYYufvcZGxiWHBAxPs5CN+JJso6vCWu0bUcfWcdaVKCnpoKVC4vwB3/jDns0L0uUoWE4WwMfD4EdqPHHnQ5o1N57E4fTDEUREjsijlOC+ee0FvX3EFujJtoyJATmwZraQEPfZuUhP9id1p0mG7QEI5wNd0W5J6XqfGNwuMDDPFDgjccAg+Bty9eTnxWGS1D4MCmYjxcxjCodEl0MQxGY3xmnSJXjXseE6HBWgcahCY0exPbCw+2gjS3TmQj1UOW5v2/q0dQqKUbYu3eQx9RffoWJ43YoxDTJGHG/7nneBBzRqdz2ks54krVTGFHfbdA2pTUd24qmy216lew43qH3FTSGvC7cbka9UkVZmvuGG7cQU7HQVI1rMFHu+Uqn6Co3gIRc4ajFVMjymgaJG0jY+4rUlq9EDVW6/FUD+DeB19Q4Hgd5TZmNvhJmyg0fRGwvsNsqRhJVnHr8HuIBQEjdRkosaFHrajHHkYh8pOsQmgZafO7b54OaNYhz8jB2Xz7nwociR8tYVFIq3WYbOkXE06NexdDsG00IidbH3EFJVmZ5LgKkazNZegqV9ztDW0stCMWRM60ZPFWFa2Vm2+SlA6gp6aB+NWDtH5iqb26N24js/K0SR/dJadEWrLpq+W0gXqGCpHbeNR8Ow1g5Mgzj1+7Y0lSHyf0nE5WqPyk1iHPhJkseG46emn7uD6JFXTyA80haunsXTccNBUIVsbCMtt1dO7ukfrh/WMoPuKoirBUC1WCAidAAROjtg0gHvDIlSjhvfNbQVCrrazBnV1sa1S8ORGnfuIWB6CB/b8DkOzPKiWIc9hmEjsPHdmOdnBjeNpphnUtMWWmm+z0ZGTjFdG9cr1DmkqnbILztyhAx/PtoCFplNCVBmCyiZh2i1hZuncNH0OqbuIKsgGfqILdFdbLSMXKM4WlUOEvY3gnQntoIhPuYVPPYi4mqlTWPAi+0gJU1VgoUxsqDCRaP6dAVVaNAX89OkJdPduditnbBSBTr6Iuk7nNxYZDhMUSJUePIxF/r5Ujn/APhQc0amoudxDjK9tzfAof08ZVF0zyOdmszphnu3HAv+EJ226y9Rt/OVQ53d1bbQE4WtZ6ttbJmHQQVEd0zu3G+RopJmYHum1rnQZartBcQDkjOm4tWxoZn1j/WIwlibwO7fu2fi06URjoaapHF3GJJyJGG+Jzi30qCsz4IxF9VVbe2ojQlnORHVPTBBmo601UjIR90qumztp7oJqGPzTTVTXhGO4jBhR/k+lqkehz/B/lQc3NTv4+chYbEGuRNkMxwUTDomRqFHjwm7ay56EDokbMgjtNdRbj+1IJpNHn6ztJCqjEHan9Ot6AX9agp12S7IbrVLde3dRi4VAV3biaqrNoD3cff3kYy6wdN3duGgaJ+VVvTsAhqLE8nWaPdR04wEbrTB8H2FIlYA/GxVqi7ciGtcRs0Ho23YfbR1YoYh0G3A17izYi6atSCOT2TiDEZY0UeLNoPUVSpRVEnairN/kCkfGpFoFp4t0YZgQaFh3vJ3pfkHB/lQ83N/A8pH43ua2uSbxtk7AXsOwr6j0uUg/GgISzGvXF8MjfxCpcJ/SwWzZANatZ+7x3A1CapyCaMhK9Y6xxWBHUgF1u4qSFgzotXHFEdKGEY+0iahA7AlG97tBpLT7PzDsXF64UIn4T+hyLrLVtv0r4VBMxChmRXIaOQx1mjfCI2O7ABI3UOPI6tOsF/IkNt6hfj1VtAJV/McQE2VdC2qEZVVmpA1HSwdo0dORBGHbeUWJhY+FueBQ/qFEw5nYihaudp7XK8g/loOblqX9Q9ygArL38XB4A1yJh2vltdusPweF4vh8ej5kj0uUqfUNBmNUtsBJBnxi4fXJoSr8Yztubn97loLZBWBo9JKhp7rG7+rkLZ0Zp/xdBG28+f3khe93VtxVEwFbKusiBu9mjdLoLh4ZNBk71hdY8qcO8HLoaP/AHiOjK0/JAHN3HVI7cXVKpxq8a7nT9dH3UZzr4qdaLYDYWxQ0AZ00VQIBryLeq0IhRWnaS2OsWk1eNbHyUfGCW1nfC1hXyfS5XkPB/lQ83NUv6h7ltdM9vkPvWokZpx6RIctsMt75x5FMl23can6p/soHwrCNOtFkKtATlBmgFvUmZ2rnaJ0Rz1nacjuIxEQDqjuf3ROk4R3R7Pf2Ucr7m77NA680/a/Br1UVGf89HSJma9cDVUtrwftG/72tJw3EWQd3luvUKrh4MwZPmKlwQ8KTpUhWetubh9teATweH2eXvkbRMZwQaawYH0LiylWBq1SAAAZEDSPMjQQ29uUdo1CjdB9z+ojIGGRoaZC0DbfkPB/lQ83LU0fiJHJUW2exyn3sjjVNZoI/A8H/vEpMiKP8CiO2qKz0Y3EDXr9Y2tkDo/IcVTlbJ+73CaARrr0ettuQqm3TDpnH7R5Gw2wAaq126sSSoOhi0DaAc4nurbi2TBHbEHuzTpCN4N7o6OS2/NwHEO0j6i59WgalkGJRw6yPqJipJ+VGkepPCw+jslWBo3XFsqmmtUkJgAf1iAlSqugqlpm27KO002u6M9qzIfj2o8fr4rPkXAg7/TuMOLMwPUib+ZK+niKninxa/BPxlZcbjYd/wDTMOYWXjpiisT5OFyfeaGjmYJxaxCSB7eJMaiG2nYz0liTIinacbiHfYbkfV99Q2JmZdAFwlwxu5kftZqGZNHupMDh+2qVsqOKy8joEjaq3BvNLSRaMI/Zx0DTlYUG9rOvTWYCMNbb+HTRUmYAd0HHNwjFkjrN15o+ouR1VcAwBu1rN+o7903smdtwN4gG1Z+WrGwZo6cjoa1GUti9XqlqSrr1oXFTLQCzOMPduKp4gNXaaAVJUUHt3ENW2wqmyR5q0Y7aOBU/DweE3dxWe31fskWIgfEpWJTQ2H5/kgd4bGK8ZIAyA24kfwx9F/jHFPl9ykbHFLAfwYnjSkYtjs97EsQf25D62+SlFxhx/hbj8UsMq0keE6eEyprRcS+JPDw4DxBw7wKmJqH8c/8AL93yeflBsSoNNC8Ru/b5uBCbUNkHuTZGtNclKqq/A2gntjRWdqZ9R7UrRZI5hIVTlQGGtBz4dBTRJdZ1vhGotoIb1B5NItgnbzAaQG8ua9htlUuEZgYeD6vURWUDTJGADqmnHD6lUuNPVvna+XIUh+xsB8/Up0R2gRtENYIybLRiBHTrkd5pZWkGZUjkke0LNqT3SyktpRMHwljScTmnajx1HweFnPe4rL9vxTyTgTVRLaRScaxZlrsobevnSkcDCK8AwLsm+Hwyb9XK7zZWyto1Bw1nIWISWo9aDi1gVrDjm8GG4FTtF4YWkY2X8wT/AJ/fR3+hdUckGXktIFSWxvW1l5JDEnODyPDpdAGB2o8j2pZaz7VtWns7QdYgks1vZNIuOIH4j9YSj+QqSIzP0i/uP6ImiF1/YtaRHUd9uSAUHWmiZK8G9Tt4gDqttATdFCN0WjA+m44qRoeAz3nZx1deGs9Iuo6agySK1S5kMNttOjVW0w0tc7WqS/LVVWwv8IsYY/3R4sGq+AwvyXgVGGQ4EXg/iRC9j8pgezhcOh/arsh8nXfWM77rnMcTGC2CxhcQsN99jWI/1QB38Qi3sXwc0FPJUqUY9MNhUuCYGB2uTWDsIJUDx2Lu3E6VJhiDOqmN0I3Y2wjac6AUBcRi5MezhaNO63Rq2rQe8e//AGKBieMo4QWdHcDcNpob55NgG000y++dHZtoCjDTXsIXZ7tFZ+KOdigsunQAbhs94jEZNk+n2DcdHVW9I7NGRIyVJKqo6FtV1oOMuNsV4Dhjvgbbm4xnFOfPv+Dm+KPvJi4heroeN9/Iw4tiaF0PnRlSjESA6NtvkFBSjkxvGA3jCpVVKNwV3bwkA02i1Iie1IKSrDp9vFkI5MZr8basENFB7txGLw5+nLbPdx/pUdsq4/aOBvI6vwHzZVqbWYe0R/72gK6BrwYTejhpDQaxAJE8zED3djUqnSZTwMKqrPvflo6VSRcm0ggDXGwyLrcZxPs46hYZAYGPh8CPo8Nj3XPFyGSDyDidM9TGWVxLxTztYriML7Pxh38Se3txjuqO634vNC6C6GdUly1CK0+IOq6bDfV/FRFmoNZa1mEK9002ncRwRjPR4ZEo8aRu1StH6bfXwHkE+ANZ2/zFS8NBqki/AbaqGwdYZ23wRlSGwrsR02TVIv1grpXwdWy+vUBZuVrB8LoAz1kiVI8TgMe1SFHwXCs7Q62RL66fO9qkd95ubaq5a+ehTG9uLMjyP6NKTWNMftbd4v47/JMc3/P7/p3UeHF4xh53Y/06CrlNoshhyfcNaSznw89v4VbX5aq9deuCOfg1EPEz22+on/Vo2BHubLi+MYZL3DiN0WtGm9NtzUPo9sw5MvJ+DkP119zlqRMMyX2Wnt622dq4jwfjDpUvBzOtuXv38MUfEYElifClBdCQwd9jyAxR+Qv4Kf65PcPE8A4eH9nDwEA5SVJDQYao2+/iTCr0fdTLfs6yu1tHnBVVZ+hyXxorDl6dHZuI5MKt7Dz247e/b+kQEJVgaNVZ6wVMkdaz4vL3EyKgaxSMMmP6Pi7B/wDvRldbdZk/M3//AKlGVJsmC1ZXVmbMe/F7DHnCxeJweHYW7w+MNe1YbymUCiTh8rxjDJG4R2OLVEj3kxVFxjeZ93ECwwsQwnH5oHieH2XYbm4fns82ZLMpD5Ftn5FjnE2V9tOKD3Qhf9P/AIi4zYVweLSZfdrDvkYoVX/S5iJh2LO0YZum3+zVUag47zV0LZ32OQPuKroHy6vY7NFKhFZkF1fUOf8AdpSNpwSjO9NiRyZslaNp6h4T223FXho0CHoj+4b+kkejLXMGHvLW8/e+TMKzCH8zkyisrBms2QFozI0D00DrZGDoHdA29+2tGg6Nhf6TIgeK5WsO48Nfc9m4xZ/87/qnY0tg40iOdEiO+Fp9t7vGpkZ02ZEVxl1txtYfLiz4UvSYbJ6iRzcgkAl5FhnGCAVE7CJjM2OuJf6W8K4P1W2oeI/Z7PMHL/WCbfyuYMVN4oTegGm4UqqlUNYIqs4KkuhqgRkqlmWWg6Njt2/pJaMXKzZDtN+2j++vwbCPNWjy0V9WqnGhrWztrKR8lNK+4qW96aqLkafjOuRn45x5DDze9bd7eOj4ywaB/SVxYh/7rcP4OG1/hTgcaj/Hcf3jeW7/APy70H4kmVEkAd0HIh2Hm0GC8aZIRsX2IeJbpnE+ZP8AAgHpvyOU/IeMv6GMfPg10OQeDfb52af9mdDn89YpxfxMaMQwaY9h0nv2ic2OmoWPQNuEd232kf0uKmMSwp7hKNID7OHg4f1cPArD2ejVByBUJ0KmpVLaX41aktVh7xG/hb+fs5CpmsGHvFtAHJlLk9flMW9tVFnM+8w/HcIf0bEsNdux3P8AYSFiHHb9H0QI2JQ2b3HHiQ1wiT8DJr8YwT2nB/4f4P8A7d8GHY7XiuDdDr5kBBh0B+UEswuAEsLC2llLvARppjoMx+SryLDeMOGcHBwzMNf0gODhWHfpw4pfbalNM4dxth8BfsLJm/2b3MASGBLJwYOJHR8maqumfIfJ6nJmWVBVnrWYq2j6txGTYFDP4dGUaiSH47D6zNSg+ZHXop/y1ug/zchZqA+Y4jEXbx9/hnGTCnOEZeFSmXfmM+kRpC4MQwNrhj4ZxrwHCeM7DXDw7LuK5++w+YJUFFmMuoH2XQeae1urNBV3lSpqU2T0LlrkPyObxU41AMjiFxtDuZjEcuCqhymgC/46nYG7w8LkTh8NwTEOHdYlg0nxSVF/9/8Aisyyiv2qqpbR0K62Va9Qw1vy3kLEx8dPj5Hw4eD9qyl/27aMaQMA0dWqtsEHqI+y7Ts+Q2hayGqSa6ad2O15MtC6hHS0yjpoVN3PzPFDCfszcXOIPF3CJfD8Roull/zx7+PMgSTC1tsdQ4z7MoU9kaAmw2ZAfvPLtI7Zd4A1c5TzEb9HmJW+HjlxfbI/0fYo5w0lPj+lcU5H/wCPwJ+LKbJp+Ob0d9kurfj98GbJRdRqPiIjej7qY32kFR5+GuhJjygugvv0axtUbYbr5aq6Z9WgIiAABUskAB7xO3KDr20Fsq6NVcVVVFaMiLIeqBHt1hyGNSpbJVcnm5KhGrvGn5TdxqMd2x7R2DClYjNcvS5p3XXOYiRb4T8HjbcCX2KjyYxVtSo7MgFlRkmhLOdF00Elv17S2VTSj56rvmnWXTZkMndCRHOw+28uGbM4OA5b+slyR4dbNf8AaZHfbWtBVU8ncPFn6MMlHdjv+wTkFRUO707apc9T8xG6O3Qtk7RqlnOgqHI8rTI1oyJGVWQOX1GlS3ug7w6lSPPYZxcxtoIwBZhR8TWzWmmhHbdWzsKJG9Y5Eg+U+SroIPJMve0PKpsuSPgnGR+rDN1HxU99AR23QmB6P11yD8Oo4kWS7a0hU6gDBZdtUuV5Dzto3SooD89al0606V01aw9h860czFFU3WF7Yb7TvKufqIllUDCsdj4pOnwuGjgJjzR0cmBWHc/xiJL5Dab2IUeO0tpbXKY8z5/IspKl4VUyQIMOxaS8GD9Bzf6BIVOH643vCNXuG0DtBsy695RqLqC4WcOzDUOKpwgz/c6lHT0/vo8r9rpuLM1Qb/Vua99eDMBWAZ3EcBmt6jWzG4/tHsulo71GTVW29w3y01IfUDn6nOTKpRFJrm4mdqQ2qidUuZVnlHIdWXY5TRiSp5ODvc3fbXP1CgaeEDAEGY5mGHtxK9e39IpsmFPfkxK7ttztkYi6NbGqOIwfXIGnhor3duO+/cXgwsge6PJYVoo1509i2aDUXnT6xNaTWZvarsGIqkaIVYAe7bDUN8tLfMl3+U8/eVZwNALhHMj9m4gfjO1hunG+vbeWUeX7iAlUrqHyvDMFb4aNOkiBvdm16Qo+Esj3ON+yENx8/DpWkytGjylHK/ew+V+RKQEyXcrEx22K0DThBdoug231iMojDBxz2HJB2H01ffAI9rP28CQpc14q45nahsde58Urs0qGjDwe52PxasYTGmz4kU8miQ332FUzxQ4zn8vBsRWXiNxs4P8AQMr/AKizcSuNQf6BxFfZMwjFYv1WHSmOSou+Llq5MypbVTiyjy7S2lfhTDjGgjcYR/0m2qmyA2j1rdtWiLOtSgFwuSlC4PlHn5YWKQXLM3D32ZEdxQsQxeQWAYlAdu0cOlF9ufSLEd+N6L/11h+GYSbkjDcM0h05rzVops2R001JZKh1g7oOIGprD3dNjq4n9qU0nhfeaCRajyNQxcZ9ElKqmV2VzqHPTPBFKfm+DWT1ce1fmNqFMn4PincQJH++0/Cn5mGOfVxFYhcYMCw0ADd1sQ007hc/D5jPaNm+/wD2ZVcJwjrz22+6KB57g4PsI/2a+6gjPNSZJ7Drehvu/wBpgqQWMfo+wjG/mR8OwzXfVo38NaMMMknIo7CA9/8ALokv0nvj72olSyKqcWYlqxWZ3k2AWahat2hHxfklX1uHKkiMOtNUs8lRIxVsvN5eE9gv17qQ32jPpSj4tGB945WtBuux4F7LEUcWWmGTAN3IBHiHGWFAnxYbVZxnfNpPgelRFiWE42GHYXhr0yb4fGd8f0bcMfDRViECfxfrCBMtayGxMhz/AIrS1iEllnBYZsm7/i5u/hn0sWJo0pYniMTAY2FHFmMtTJDePYjMfbj+1aJJRY/gnHFzhhcL9iZEb4NbFfTbT7TcgoHn4eHX1dvIRmGDRQN0NIjuf2thO4W1bjRcTh6bD7aBOUuG8PhEKZIjyPqI3fAKp5anMiyqkVmznyfZxW4vYlinayhDwNv6qWhk8dONUHBeDh2oeD8I8OX8erbNfrw53jRL+3axCWR/9mqcP/RrgnB97hgxf+oqZn6NMEc/BHw1VcOAS+Kc/qpcDgpabR4zgk+Hxk4vdbiUDfs/VxFU+Sy8mZZQ83l9uqkkGDtPXY0q7q93bR6A1KxLEActfL+rXdHjNixmFFs8OwxDw8T3XMOcfb/Xwu69XYk/DDrQC5gmH4qGHhdtxMV0Nhx2SsThs8TZUN2aEes28Rw59BA4Y3Dw4fizuh4zL4eDpLw+ezoU2Pttu3fpH07rfFdIkR7iAhJ9mRC8IC2F/wDtK7uxJlB46F2Q31OnR1UMZiTRto3+50oGgPqw3aqv2T9+D6yuxf56CqMaqpz+8RtCFTqOpowDtFlGtdNUkOx1aafe8GhPbuW4HUocO4t4TKnF2m4tx/apa7ofpHmtY5im33HLgt4Yz/I6a0Ti5hbGE4MOrjyeALH/ABEbkvETdo26zRMCRvSADdqroe19Re9lQDdAK9hxxWtg1fiOsAD/AIxH6iV9XEUh+I0bMIz3fZrKKzLN/wDAGyL114IZwYEbxzEv4PcR1oeDxgjRw0fSO3lSE011TyN0h1qji5vQBA6StDnaTWLQo1mWB3XOwlJ2GzXJOLsN799uDJXc6JxDlY32eLuY9h2Dw5/98VqTxVwLDvQplzHsRxN9tn92gpqNA4x4RPxjCMRyRMMxFh9G7nCs/CLgIyFgB0oJFfYXVo0tiiI91nsqNhzCYVFHjdG8VMSGEY5W6cbc3nwqd1D8OX2dxVDPlUM6o76yzGXnfi1feoOP07YbtVWmKD6+u+wiJthkPx6hVTWHzjsa1zRLD67k8UsG7iYf2ccGL7n1ctNOk/iB1ndkNuSNQ5I9ql+0qp6SbzQR7UNts77Daji40YWfF24+4XqV+EH27iptBQH9XIRi41o0gNbbc6xHTWyfaNgjzGfu21S40ZoyZH8bap2CWYj5nz+ThDjDQG9mTvYWVEwfCxohRQ6zfue1ypaMhPJ2aGrJXsLVpoqaDotHyBTk5MQwlnHscwGRoenQ2+LsjQ38T+FkSFh8HjA7wxyj3aCxeZ3RxCQgHR3JASW9IrbU3G4DWGM6VMhTY+iQ2GLndRANQUHpFbdCB2kDiSt77tGMsQep1rTje4caR4c8TD1AeB+8j+yrKJsugGkW+vb+KiJpiW7Q7F8Ijy7aDERoZdALUi36fHVrIzIDVG251jHtStOMA8HZ9f8A0tUxCB7xjJLBGQjoYH2mvYbUhuwwEhnxhv8A7otS7ozwdmapIs/5CpErJh9xVONZ/h1VVX2bjaB1sqDVMloKT9IVLg1tH1jappD/AG7aPoSARi5nQPtjWfTVLm35e1hcAanT23Oois+1SloEQfB97Icc38qcr5NbapbQFSvud5SuLmMM7UaZoLv08lR52HNRdGiw6DOVirGDw4H9NUcZfGXidhscMOjtR3NMxnGH/wDk0FROLULEQxI8Ps6Q+wsu2rRb1VZAOV2ajzBorZTw7Doa2O58QpENytn4cN+38VER4dNI9Ii+Lvpp3rd1Ib7RUsu10a2O516zDoxnu+wlf+qQE40BmgdZ22NU432kdGQ5JB7uR1CBohC6yrtR9lIbkBu1TJ/MVTni723I7NUkqaTeDs3FabGigNV7tUltgro11gqS+aDiMegjIcgHse7XC0W0HM+fySPheGtXpco/8w3H9qlIWm6Hnd7Mn9fPeQNCNbTG2g9RUjmMNaCutu5+m2ja9fYW1n5MqNotsE0MnStH0yC6eiOWJ3jXoktOlgeHTIPDunZE7FZWI4nPe/fVh415Aw7P9RJURgRs6UEd021rC1XZtprNQFfWOI+gFd243v8A6pOjVnDVgpDV2sKLqzCBugdoG+0jp1j2qPdC37RG9KXqOxZOdA30JsfSAudspDWxIZO6Hu5HtSB1waJG6mfULTGyszYu8TrBCYUbDfZr13WA/MjoH+mGqkN9oyqaTMAVJf8AkOMo2qdVugudWnYxCqB6fJT66MSVBCqeh2ivNj+39XlX/jyR4cJg5MiUdptttevIf1uIz/avhoiBpsdaew2qiKut3WmtpRHeh00DrNAGaaX3uSn+sR1Joi2QPOr8Qoujnqgcn4jYWIFNxjCIdk2Y+jwI+I4nbjxvRdLk9zUbrbRhHDR48dxwLCMvUQOlt6RkudWmibzmAWtZ7OrDjuQ7zoXED4jRIBRMRHp6O6gktu5YutuKQ+y7RIourD6qAaYmWg/efRVEdIqDlBd0js3ls9DwxjtPCvGkbVVB70HO00lVUnWGqdBA+PTR0lRWjzHR2nZoKviGpCtZ1VsHXnWsyZ0YlyALhKkkY7B9MO0jrprzLzeUx4EBgpMuSdsG21flUSMaleOSux+FiqxGGtXXi8IPtFS2CFUl0EH5Skeo+C3udHVnA+Rqn11LF7YCPduKEMSNCag4frQub9x5SLkk3gOS9IkNx/iUFzIb6pIsiynqmesc6yQtWPzXED9QGYIMxhHlB1e4iyFobjBmbOx2DjMZMtOa6OYWriMYxVlh+qt/D+yoxHID/hrTfxCjlavUa2RHUcmyrA9Vc+mRiW2AbxtAQlRXZr+cnSHbBHVt0WgcRkW3ujQepRu1V0D3avinRpXugVohR5qDDkzfKuLh+3d9DyoMOw1it49vsG2vapCy/ZIxIw8MnHvRXqAgKmjkpVLau9CjOmneh0EDq3RvNb0Fta2jdmnRJNZumpQFELEbmqCEPWJ1hrifxcw6f525UN+Y/Fj/AE82UtJxQmGY4bESJDYhsOIPXAMiCogNHSRmugCqvgdH9YgfZHIe2wrrZdNHb+I1fZyIydfZDY3jftUdG16PiAXY/wAK8o5EPYx7i1bpgAG9u+rUhqnRpB/66NKTTtO2DLR9u2rTivjnatI81IaNkcVO2YIyV2kMh/mKklSKBpzbDYcQF6hqoSoRiuHgLz8P2+UtYdAbvPH+Q2yhjMjXLPPMl9o8qWxzmqnna3VSKp5KtszWVAJbYI2iHIjHajvuflqr81OijdUjCY0mbZa1UhzDMVfh3ED7eHRXnQO7pE+RiMxDmW0qlTVQqtJoRu03llrjGhMhC6CdGowdM9JBxRLg0KQwQnqTkOh8lWtt5g+r9nQPxqOyOOrtO2CkRiGs2T/MjyVqdg9v3c72pNF6+39Qo+xQvUyKodtVD69oLn9llrWDk8IrW0CN2qtrq7fVq1VWHVuIC6AI6q0Q/wAfMebm/P3rWHYcwciW8g2JOIP62ZLRlsAgaZGuhGRd9+PvDzI4MJ2vEng/oqMi2z5alUtWJqlZQyIKqDR1bD3aIWiyggqLI8ch22tq8bIZ23OsRvjRnsugrWxI/wBYvXaoTvQOvO38P7UqhHb23FaKhUuD4qF00BdA1m9dO0unnUfDhGibKC18uP7Uo54TiPF7Eq/R6+5j6LTuLjx/fww2MRaRtPNPRjr9LCwhdEtUaD1DRNkP7Od83NRMLgNXpc07QNoGIw6TiR/74Yj67qpHZVKqpVXfZeQ0f4EGFQP1SyYrlOonHiM3S2zPvcypq5AGpVEVaC2+Zh2bipJZirMNhMrKWqA600799GOxnQv1HQci0qRX36FURAZ+86xn2VDSN4DVI1h7tUkWc1I6YQgjx1HkvVVxY9bSxKZ/mlIHFMOw+SAQ5zsNtyPff0f0SVLkLD3RsshKCQ7IiRw1DbKqq/A2iPhruF5PicjhDgvR2rbLnSbD1R/i5Wu+4ODzV8p/YtrhTvB9v6tv+V/CsTefcJ105WYy/bw8w1UXDwr9RcK/Xw/byvIf1oM3Cg/Xw7xHw1cP2o6uH7UX2/r+z9n8Sy/q+z9n8SD9ad4PMvt86Lg8w8L9P8SmF5+6L/D9v8aL7PNh8gv5Vf7VN+zh6tYiRcP2l/g7BD7fu/wKIXBwfYXc79qLg+39Wir7fOv/xAArEAABAgUCBgMBAQEBAQAAAADwAKEBEBEgMTBAIUFRYYHBUHGRsdHhYPH/2gAIAQEAAT8hsAAABMrxCQECHN99WEJlIDoFbvJBkHtMAIyAigIoFbvkvK3wVQK2ApMFECiBS8ACAEIA7R1YENPkIfsmt5AH0t8llINOHuh9KlAigIoFUCvwfwMQGTQBAQQFYYewQelwdB0GQbToOcoEbgVmBHbAoXkjij/LomBRyAQkabjoV5TIyIoKyDzPRZIFUCqBVArIOg+kAe94AVQK2QVtwIoCO2kAgshQARQJxySGzEB0ssch0GkZIPoQMg2i0QvEkPqAShAQIioKoFUCtsCKBW0FdoIAUQACRCZZJYOqCBekPI9rw6DoNoB0G2piFgkLyQoZIkoUEyANCiILHIAEjgruMlBiKITAoCIKAiCGB/mQeWUj2vDyMrQ0w29FESspAILCAhiAYDAQJQrBIBxARhAGEwVnlsTAAIBVKDCxiKEEQECiALJZSPa0Mg6DyYTBRBkG2bjARCEBYoiBMAQgkylSCIJTCAhBKgghAEAVkCtoEduRMpAgmQYTykyXsg90MvZYIFLQFdkIQQAhAoAiUGAAgQWIgCAQiAQIEEIARBI/Jr5WlYdqwj+RsICuwgKXg9rhCh5GSzQefgeJkMg69rQ+5KAkGMAAKi0RUCAGAIAoNgoQCqAAAAChRJJCyIWCBXRwI2gCEvhP9JgHuEvBZSA8g0gyDrKXtsAAQgAaEAAAUAAASAAAFqaZALjEAAABCIFKcctkJhOBVB0HQZe1goclgsEHQfiDyDSDIOsJe1wItYbUBmAOIkLEiESlKIEAAKIREDkIgAQEIQIDQBAS57ioGt3PGme+w/ktngg6/wATP4ZmyQZB0HXOg9gdBp+1oSw8BvyvDvxxuphYAAgQFQIESQm4gCggQWUQYxDEUApACQQKsAQDmYSHemyAZL/CwQe0QYZBpc6DyDzBp+yDfIAQiEAEBcITFAKEEAACghAigCwGhEM4QQAAAAJQBBwX+JHtaQIZBpc6D2B0Gn7IN8SAICCAMwjBaCOQAAEQQEAARIlwUBhhEAgAQEIAEgCgCIoeQYVB71QDIPID2kgaafhB7A6DT9kG0ggQIQgSAxKCQBRgDCgfS5BAAoBAKoFdwwBUIgCChEQEBSwMHhGWD3wAOgVtIg0+dB7A6DT9kG0gEKELCAEQRgGFQIWRIISB96CAACkAgCAAAACwQEEAIQPQgUlhG/AYSB7hCDz50GswWFmGsOAAHIQBYIBAgSKVDUCZEAEg3YXgDAAFdAAI1SQ8AIMUJDoj49NrgYIFZhgg14hh55oPP2kDT9kG+EEIcgAAQCghCgAQVQgAAAAAAABVwQQB4sAg0g2kBCHQdAqg9oGHkBFZoPaB1huVJShsAGBgJMuOVkAAAIogFKBCAAAAB/DQAQSATrSqZrQLAa6wAUQEEAYQKyMLAh/V4ANP2WSD7UrNQ9EC5WqhGUWRggAGlQlS5EYgQEBQigKiwgPLZgAIAAAARAmoeYa5wVQZB5MrYQoa4AHrP2WSD2BoWtQ+pQCQ/raAkACBgCAEAgFECCCwJElFhIkoaJRAAAO+gIQQCACEHvUINeXlYAKyZax6IADYTB17Az8FEb6rAggqHEEAAACFIC2CFBIxBEhCFAiAABBwgCAAQgoYVwQEEceRqhBeVgAELADoAP2xh9AgCSDSwkBLQhDC9JEoCD5FAAJAQAAQmBMUmmGtavQ489V+JiZujzpSmYxjzrspQZAYRIAEBIEAAFQIEkhFmAABECAe5ZOvqwQD6aAbRQB6XEQ94aBKJgg1gVkQCQ4RJbj2g8e29k0kBBAAAAmQmECoIgsEQQJpEUFQoADbABEICEIIEBEYg0AEBfLTAihfS9lheBlqCgyhIIAOsJBpCMC/xUf/AIQl+CdZIYWgRBIAGBcIhAiJEOAACQIFCpFAMBABEBFAACILJekw2qUEBS4IA9gQaheB5mHQfTNALeBBCkigEAw7whBAgCUAAsICSkJIBCMFSoQFAAQ0QFBSRkb/ANJhrhBtCA9LQEPYIB5hph9WuQgVIpBIgSQhAFAKWCHHbSAUIELBzD0If+hcjxaDp1bz4tJlJBiRABAA+yEBD2wKBrwAdel4CDLO+H+DJhE4ACgQjEUgCQC4EAAaygqpAkAAbIAYUEBpZIYGAkCBEOalYp4aOD7hKB5VSPA8LOb0tAYeQbRQ+uDqyQaAqAEAaABCBMAjACI0NqiG3ggEChnQCAIAEAAAQCF5FSGkGlg+4WkBkCtgh9IDYaQdBtmKXhIgpIEQAEQQEAQAEAJhHbwARgQEABAsAAAUoDWYflpACqBTRAxh58BzQfswyDbQOKgGAgwowEGABACAbQAAMkgJGFgULBdcA2wEAeFEAAkIQZGQcDgeLIPIPKmITxsYEEz8oPMMg8g+wHmEaARAIUAAIACAEAQADGiCPAhAcIH/ANBY+bgEEQEgQgwoEAigJkFgMJB5DO9ggecgCswH1QMUIZYfFFgWQCgABxEAQYRAQVRQEQIEAABMRQwRCPoFIlhTSUrURAUAgAIYgCEKArwPolYGEvtpATmgVsAAD6+LgMwAKgArC4CAGRQCABhAAIKYAIEBSJuAioSQWUlUBAABIEACGFEBRNDFJIG2hgQAQSD6IAABDhSjcOHVcYcvvpzrDV6zgQAIKAMkoQgGAIXCBIHAFIDHwgsoQQAAAVAVCAoYgEAghIASABA1IeQdZIPL1uEIj5XEfUVY7J8owrhhWPfxikPlSIKEBIkkggCAJiChIgQACioCMFRBogoAQRJBDYgwADqCAWUOILCgXgBksLwQ0g+y8OER/FAAhBQgAUQRASKNC4JhoKgAgQAI5EQAACaAgQkAEAYAAARBUKQex9CQApeE1MrH1QTnzpki8SUMROEJEUoeHi8D+cPXxisvAQggSCACRAEAAKAICgQAozAGBQARDEARgTgUACKhUICCggQBCgezCB01CNvEBASSqFAQKTaYDX4oN9tuDdGfXrFAEPmgIbMCTAUQAkEimQQWEAAkZosBBBkEhCKhQaAUUAhIoCiIAAggAXVBYABJmoDAAhjn64cuPK8AACKghuF9TgVP7fDtpGQaQdB/lQoAgAEICAVBAFQgFAmYFRVAgAIFxgQDEiBIQQKNEwqYhgAwQIDyMAECEGVHOxNvzSL32c5cJhjg8xIAN8FEJMANAIIIVAcACEABcDKUDFYFQJhMBApCIRCYBKKgACAAABEIgU2IAAAxsACiad8eHzEUUBAEJACAAAQ5qgKKkIQjJoMMThIBAEAIAACABECAKCEn9zoAEB8Dzqw4KhG+P8+BQWASgAEBEEgAAACLZQQExIhGDDIBEAoAAKQEABQcQ/ADKg1wEJwU1CUBCeGmAhph5SqNafoT8lCCChAAQCIOsIAIAUAIIkBggIAAQAAAngKm2AJlWBjshBKAAFVwX6G+PJ9IawASChCgxEAgGWoACyiAAAAoJlGzBBKADUvhcAkRM7+z/JjGMO3LMO6DfAkJQBEACB4iABEVAAAeUGh3mo/SyXDy/CNOcI0x7wWGiAkQAFBDvtAMAIDicCkEAGEIEJMIgCJQEAhZZtILIsHm+t/dI/BWOPJQiAAhhUiAACkAAefKF8CF+9KdAH3sCBrGEBAJEAChQpAoEhAAFMaKkAKNz8x1Gv6LmMnV2DrwfLHjjjsesiKlLcnPVIRjSEK06NjYkUoQWAK9APbBgOun+FRDQw/vmQG2sCkpIop84YgAgABFAFQGIAIBnRIQBAD6jRJHMFl/jjaR6w6uitYkH5sgAghh6IAEACQAFXroHkJDVRdgUG+j98KEekcwpMgUQe8BYLoQId9sQAACEAiEKCAgAUiSAKHlSLL/ADLh8aIREfHjGtIc4xistADogGAofjXwAAYEQAgDK8PYF0erlz7L+yoqYwjCMKwzWsI1hCFI2gAJ1UsIFgII/j/7tgCQACARoAASAABQAAB16JTBQ312gFcyooWCRBQQAACBSINoMDIFbTASqRsYcZ5rl1wjDhE48x+kaw/2FJHltwBQICigVKghACASAoiAAACABACAARuAjw6AYpItiA94QU72UCgtAgQUDihBAKQRISCkudI+x/KwFbIBA20A1QIEGAQAEAChAAAJAKAAIAqgV3gABAMWAAoDsAAAIDK5gewNoEAQV2oIoJLtCh0gAgATEAGAAWioqKSEBWwDShtsAA1xOiMRRJAAAAAgHWUsEBFBrQ0wyD2gCqw3IACIUAZgAEgAqKFKiKIAiACoxCEAUCJQAAfvxRAQGyKYQiFAJCAiAAg4e2AK7GQJAUKoPCAQiQEGgAwCKKAAFoEotA0jK0GhtoAEAAABAKgEAVBARVn0uwkHsD65gr0JOuEgMGUH8CQadkaUimBCQJCAIUiQwHhsJBxDmMXm7IAfloH+vagAQQAQC8EYCAJAiQQdUF4Poga+EMgIWDQ0bEFgzjZHDprCEclBetEcejsY06MqKaBaCqCgRMQS9RIWCwohvkJCxqh8hYTTWHDINAgAAChAEAJBCgRAlEAiQBoawDSD6JCBWCAqAQTwmOv+4VWA8W6OapHhce8eEYwzYFGAOOnEowEgRjkKcEunPFePDrx6RkkgIETHjysAIYhxjsCsGBEAIBAEDkp3Nz/5Z5ygLRk50v8AW4ww8VgosFznR4l0hC/QomSQAEFA6vMB1lYD7jgoX/cIL83lZEAD1iBAAAMIGDwW3TNcC4ndZk7EgkDFANQ8VSESQWRGohIgVCKAACIE0Kwggr//AMHwUIXj3lD6xh956x1CouRCiAEBFBIEhoVADQAbYBeS8JeF4B7DuGFCHw49A8FAUAgkwACuIwYRAgDAS5KIxZiDQFVLwk5aEAgQFASQDiwAQpkDAQImhBFKIWFJKAhmiCAgKAJAQghwEZIaYHlkgIXIdZWel4AYkArIArpFQcRFIAAxBIKRQQvSGA6LgPh7xea0rXtjFaVquUBKcW/m9LQ9sgCgAIIQaEOABkBBgAUAAmIwCAUIgQYQEEABAkQUACCEFAAIQBFYgXDyA0g0gMvW30llI8NmAClJIARAAiBKrAhtsIalxHs4x+0a1j1+CKoSqCwIEEEAEBAgGKBIQSxiAAYDASCAAAgAEyAJQAAIoBABBAA0kPaSGQEbxlMFECiBRApIP8uQgKQUAIAQgRHIKBAACAkAQIIAEMKhIMAiJEAAYgggVFUAhCnCAsAQiZBQURgoqIACAUEAAABQALMDz8NIBT47ArhAIWBkACEMpAYgUoADDAkGRTQiEDIAA0JEAwQIAABgDEGCggJBoAKABKACCAQExoAEAIdUIBBAR/8ABgBAc8fFkEBACIgiIgQAChIGUSIwMCgAIECAoBQkHCgSIQACAgIEhACCBAQkAoAgIkDACEABA7zPxYGsIKWB6WeFgKIFECloERZHcYPJwcIdvigAAgKBgKBggaCAsGOsxuQBgmQGIEgCARIxGoUgGE0KBBBgkMAAUoIQBIICATAAJAiANEpwUQKShrQVtAQ+gGs6MItw19awMNAABACBABARAAADBKP1+BVwjCCEQCCQAEAIChQUZCECiCIIMDMKIgqABQokABAAQIIP5WAEbSCiBRApNBRAQkCiy+LAaBEhACAAAAAUAhAssAACAGEEFQKBkAECGQIIBCQjCUoCUAUgAAocgkAisqwBChgEQ78Fh7S9rwMCGnCQr/hUTwrrAAAAACAAIGvtNSO/XQ0CAAECwBCCAEySLCAhCAgACAAAC5cwYQAkgAQJKJRXqT9KsbHsumVYqrqooqKYe0NYHUXBrVXuitIeE+b4yoriUHk5h2ZMVzUYoUVMRiQXFRVCqHX3qNzBU1x5jCl8Tquag5XDAXHH9lgI0VXMoGDGFUuKKhkFao2ajvtiqgtFh7rgv3f8KJGq7f8AhQijFFcED4Lln2XDSHBXoooxKNY4rmj1KCETBSMB7RcX3VbCCx2vGHP+agBuRwhVZx6ChWV/Zf/aAAwDAQACAAMAAAAQ2bL5rtARvCAAAkAwEgAIAAQAAAwwAMQI0kA6iJtWJAQIAAACKAAAAIIAAAAAAAAAAAAIAA3PJfJUAEpBAAQBBAAEUAQAYAIAAAAAAAAAAcS+PQXAApBAAAAEAAqgq6oYqIAAAAAAAAAAgiAeCoARBAEAoQAWC+s82E8CFwIAkIAAAAAogwAIfAAUAoAAAAQsovoAiDgQQkAAAAAAAAYAgAAFB7XBA8AAAgYDVe7mtPb4ljAAAAAAAgIwIAzBpQAA8AAGeJzLw4Rg655e2AAAEAAAQAwUQ7AgVJAwACosOioMitM8QoOgqAAAAAMgIIQBEBABBAYABSKX7uoZrQ4cWvDtAAAAA88AAAgeJA5hAAFYL12ck5FgQoQ5fJCAAQAAAoEgEQyDAUIAATvw6guo6wx8cZcqjUAAAAAAgAQ4AjDAggAAMIo68yx4/wCbu4yR8yQAAAAAOisPAIgwPYRIIlYYV0u0gXKa4fxeYQAAAAABAHBAGwQBQQAAzCuDQy00T3jj6JcAAAAACAILAAILQwLQRAB31CNepOlOXIXOyQAAAACAPgBALIMaQJAFojUiSck2iM3GPBNSgAAAACAMACGFCDYwilT1VVISeXWOiybScCgwAAAAAADDBCCgAQTEAACAwoNr4+fsK+WAAAAAAAACAPIBTg1I3gkXkrakCEUC0U0HI0gAAAAAAAIAMO+MwgOghFBzbCZ7opA/3SPvcQAAAAAABACDAAAAENEAAGqPNHNW5THBVRKAAAAAAANNINAAAAEIICiAE5sMJo/ELcw1HwQBAAAAADNTIMAAAAAEKCCAeGPGrGrINCkoOAA4AQIBnpgeAgAABACkkAAByNNOFCkwbcgULAAHRJHFxhisiAAACCFKgMI/5wBIkLXbQDGNiAAPJOFqmCvQAAEOEEBjCKG86bBBYKsKAAHAABFGMpBLdsAABIBCAADKDEoLTFcXgfAAAFCAMDGEMVO0MQCADAAAACBMEKD6ScmPrzAEIAIHKPDGCEGPACAPKAAAIAKAKBIIyONE76xi2qY62pfmUGD5BCEIAAAAAAAICCEDKFIfPV54pBrQ4t/kwAUAANAAAAAAAAIBBnsNE/pbhMPLNCDlPINMjwEAGAAAAAAAEMCIIDALreYONIONbBnEIHJPACAIFDCAAAAAEApDPKFBah/eJuMYLCLHPDMAIABJAAAIAABQtSFCGLEwY5k1teEEEDs8GQnAAHHAAAAAAYQAIPAvIwAAPvPoYgIAAnn/AEL/xAApEQEAAQMDAgUFAQEAAAAAAAABEQAhMUFRcWGREIGhsfAgMMHR8eFA/9oACAEDAQE/EGMsYJx570gcb4MKJNy2NnO+KMIsGEwkGvVY69qIUxYzawBHbE2jvSgGVgwrbZ99I60xCco6C31y7EY5osBtRk5PesDg9v8ArFk0sUicSGVssu7rvhxmgmAE2g0ZY21m8wdEKLsGGLQabRjahgjhsvETt5/7RIJLkzknjqdogrHh8u3/AFq9r5tZcJ87YpxsucS3xF+0+dqjKLhnVg37VLBbSAsORa+dwbTEZKkkChNBw1MZyS9b38WRye9YHB7fRmRu/msDg9v+WwmBExprb1PK9X33v5vKjMkGjG9u2KdYTezOvwnytWYuO8qDz057k0ZcM5sbmf545HJ71gcHt9+Tc+f07/egcnho8/x4ZHJ71gcHt92Hbxl3fn8O1Y+/jNJiOkWfdCoCZiI9MUsLMJOLQxGj5aEmal/1TeLMCBxsX6Z9KU0TaRNtI858nb/ixc/imRye9YHB7VkcnvWBwe31dHZ5+AkBeULdWjuxpm3v5abTQgELDdjyv6/CgKEF+hUxLkCyDtudT0o5sDCaZ0wadaRqa3tfKO1vhrTrEJbtsf2JaxRk5PesDg9vu4ufxQycnvWBwe32QmpFRNxxOpm/WTkioBaARJtEXj1nzqKL7RfjUfTe7vQFLMmnH7O9EgZ00ePa3p4DkDNiQc5tGuZ761cwJjAGumW3GjimNhiesT2jzbdah2+9i5/Hg+Xasjk96wOD2+tA1JJknUm2prmetqiihgcWHzz8nNEaaV8u9Sby9uHbofIqVpnzn3fQcQC7ASRpraI4kQrqJ9dPTjP3cjk96+bxWBwe3hkcnvWBwe3jxUZVBmQUyZ7utZA2mzbnTfF5nWlQcTE7nnribjTM5g0vgvxvzxRAgMfHtQ6WczfJxvFum1ErWvbO/nTkXm/PzSgQQXg7oe9voSbNFdzF9/x3ttLihENkbYUrA4PYx/v6+56RTA4PbwyOT3rA4PbxEodWL9cZ8qcXCGULImWZWXHOl2jIyZSEkAK+kznKPnT4bGZSCJM2jrGNqCANgO1BkGpHecfmkqyJZy6o5jWO4+XVtuUiIc/5Eb0hccnua6Z24i1KhDMZ8sycB5RWfGTc7/NzvW9tOfPesnPsK16X/Efn7md0cPKsDg9vDR5+kR9EaDhDpkyGmJv50yHIBnEAtJmZYwyuSkiwmxVQJ0Vx5RgoGtJT3vqHwjwWBdiaSSLGzeBOmxk18qscC5EDpJeL9u1CxFzDFs26dSgkJBhiBiEm3Q7FAxaxtmOl6BEqXCMHn7b5rXLppbab7TN84tM1M6z58f56V657VdLv7iiZ87fOfuZ8vdWBwe3ho8/WI+jkbN71IyKRLrEAgqypa96UxGFFXUYC2BsWhklYBMNreRp4fPw1myHMbxGpe2PKgIWItNtW8N4fOpbo0zFBMAgTrbQjTbpbWrRImHvze/Tfio3qCOl8XM9J6U7KITrOPPW0Mx60yimWLszbPp7LipLC6b9OjNN15aAMEfcj0ocR6KwOD28Mjk96wOD28eB1Yznj3KnLKRYDhZ0YtDE71YhqIAtkzaOnyKVi+h7H+elOHhoJhZBDpZ2zx5XombovaL+Z/lO1ykRYm0+3xtVoYvc1zHPTaIK8qcO5vMbX7Wik3X1auP79amSTC43xcSdPaIteDbKCLBtdNed4oT1ESNCUFtCPXE1iaxZrjRRk5PesDg9vuYHWfcVgcHt4ZHJ71gcHt4uLgkbaFtdsOt01o8AjATfYDy8/zTdn3v6+R2pYvv8AiPxSSJuJSrJOTXFyxb5jrUIFYmG0Gy5PLhoys3icrs2FxLsRMVtOQvrLBGJwca2KAvAvexGU/R2plZJ0ub/09KWG0npN3y3T0qJkYvxhGY9AjYq2JvEZyjGlS2SxBC8YLxMYlHpbFF+XT8fdyOT3KwOD28Mjk96wOD28RABKoMZun6vt7GcAYL4yG9z+7nh8uaYHB7UFGGH2S2fP8VbywQCmhvmdsn+l+xJGVLXnysYvaK1ly5vEywzKlyJjXehMppNyNNRLZLRardPkf56VBsdvmx2qJOmLekHm+jrUQxob7G09NvKie+qYdLkSMxO0GWsfdzOfzXoD8eMm58/p3qTc+f071JufP6d6uWyE3i2OPLTM9fAycnvWBwe1SGWrrGWY82P8rXgFnOlrY5+Ng7hZe3B0/rbyBXEJLKYC8t2QiXEy0aiwCBiCOf2acVOmZlJZ33Z4I7aUMg7k1qo2N0SM7RDF+m/W2tTILIIiCIxFotctfbX7uLk9yvQH48Zd35/DtUu78/h2qaQlmCPM/R2qIWUTObhqw4t/nhkcnvRg4Papk6u/Um8+nm70hEaizo3OvegiUWJuyYnLMF35cKKXE2ZGLt4UIsb0HJSkrGtu+l560LwzNonpEY/fFOoS6d+PxteiwcEHxcqG6+vDkfKPPrRO0sbsB5hiMztenSqsreZb94b7/j7J2PifE6eUVDs/P6d6KCRLmeSsOR7H0AuCeL1BAiXBNBLxq6na9CAFoE7CHpHjIZam8t7zzRBEmIuRjGnE+dEpyS9Jzb3tmmhQgYXpZNrZO/Rq1UYmRG5Gb76+d81fbySxMtjEeh69aESi0mm3+KgLxh9PfTjypKulm62LQ5Y106nk8Q7M6PfTpzH2wVgJaIi6LaaW+dt7ShlcKLe8dHyoIYkjr5bJ5UFhW6Y9atieuXiPx4BKG6HejBm2eMfv1wyxErdtK3uRLq6Q9c2aOEQBBs06eTH7oWheC3Yv2q50fCd4n4/ng2MLph6lFwm9iddNaGSKMzIJfyKtgqCMqwRifmPN2GGw/JtYPlqIDdDEXLGnPTmvnPzqx5U0wTeO8/vXTFTN8z9oXLBrdxMOjpfy3gVJYbGwb2ZjDHbpNyDQ7HjBt6cf56eKgOyetQhRgubERfj061eGNS3aIe1vSrToH0pJEtcS9XpjXHtftJzbwk3O/H7O9e4Y3j30znzpJJaLWzaZm3H7qzLswY1gjc8t6k3+W/Z3pRN45R809KI4t8dagDh9m3784cUjmY402c5t2t/y45eS9zfmO0eHy7eEhz/kX7etqW+d7c4PPNs9qlHjTt+j0qGt+ZfmjFOj6E/DRgHYLcW157WxTBYW1vSPx6dK7p1eh0Tt502zbmv2Z4c+f5cz9kvi9cPBDt8+J9ksjtSEWBQlYL2Tp8b0gEZkJ8wzE7YYnt4shxct8HFZPJ9tPzHnSiTXr/irrN5WvmE7bReKTrHmP3xRYyfN4oskHWN4j/Cog6G/ecdLelS5nrVmtCaE5oXB3+pM9p/b6eVqx9XHhr9AwgyI9o/RWanEnQUDLGqdr4aGQTUnv9ETb3obMmJ8upttfapLRPlwYjfXydqk2v1T89TvUenb/OhSCOYsSTpEHWOnTqjaMELa9uce0eJZHZKwk7FBH5x+zv8AR8u1cVDs/P6d64Uh2+fE+0XQ3rRyL41kecxnp5ERiAOSCOu3by+j5+Ck+Otov29bUjqPmVDY7/70O1Eu4TmZ2g1z8mKYbgExiLbZt/mZqLA3tfX6Zd35/Dt9CF4dNLdJI4Z8jQosBtUGx8/h2+6JTl92memFCNjJ7P8AtRIjAZLzIP5x/PoY19aFmHIeVrf7gs0QpF5g/wB6LZ4tSuAcx+uhp+KJ09PsDs9qHCc0QYGlmNy75YsRJQ8Xux37V0Pgu306n5x6H3CyJmR86dkreRLlAuv6oCIgA2cfqPXrPi9nyOc/mPSsK4EGEtJ3nX16PF3de8x3vmdsfckmBttPH+elCSXMmvU/Z3oSCUmDW+KkxN9qk3+fE7/Z4riuPAYZLJeTNK5FhiWzpydOmdKFE1htfb16Wq0RJERnT4nelZu7r+OfmULIN9cSZcPnSyz55LRrfprtvNY+vj6Jd3v82O1TESxMRLG0Z8vSonribRJrMe9Yx9VufUfShrjaZzO7fpP43+7YuRLhxxf+0vEsLq9TV27OpmoAzkGRNi+219aSEqBu2d5iibZvEjO0jPmL00qZhcpO/N9ak3PCTc8OPDj6fSm60AYZJFh3t6lqtos2ViBN0cA3globItzeA5v0bY1mizCGogtlI7Qdg4+7x4FRZFkWiLOo5Th6VY+0QolyUSHqI2i1JhVlBzMNntPeMElbwR/jr1O9XRL5PTpBHAYxWRye9MQWxpjE++jt0aTU1Nvm53oKLoItGluvPxtDpc5n3qWz2ah2ezUbHs0gAhQlsGJZy+QhrlEIlLXhGYtOTLhNk0qEmVgzM4jrfX5mQFwQJm5EN8rm/aoIJbCQgiCxBa153jcpIrXUq2PV8r09JWZPy78Lux94dTT+0y5RkSXs/Do5qL4vxei7fE/s71Dn8W0/zvQoEKJC6ZMxuu+GViaxU0OSzOVuvMYxp61HY9K3I7f1RETdxx06ncrpfT9dDtXyHHTr7b2ARMEcPTp19t7BCAtBMbQRi+C+slBgOKh2fn9O9T+f46FXtG5cGZgjpJtlbVeIjOqWzaztPXmaDBAWzC9v0evX7vHgrIYEZRiyJnX2vrFGRoAcQFjrgx+vCByUBJYye5+jtRFQIwjCJGBtn1pUtkvjRPB7W2ojbHkhb+Z6+MGx8/h28INj5/DtUGx8/h2qJgjofO1XaU4enH+elXaU+PgoCgaIQHENoY263o8YkIgRk2izP5Qt9fH08eBWyCJUgC2rZdLXzfRE8YJBrab6RGVdbRRgnOv0Z52/NMKJOi04/FAckKYcxAl9dp69b/RDs/P6d/og2Pn8O30dV3HH7PT6uPrRiIQWSBxvBiJdaEpCANodJ+b4W0kwbwd/pKPECBMs9G+dExilZgKhPQyXz6FIIBLBhNMfigYH48+Pog2O3zY7fSoZQ5qTf58Twg2+fA7fcaTCctsJEYvbe0N8UAQki9tIjmI+YoAAtEGlnr9HtvR8qEE3sTBbGrHOM0uYBYJtBETpNzTNpoohtHppx066U2p2uttHL7PlmlQzdi86uhz/AFzQMi3mf96lSW7e2O8eRNSb/Lfs7/Va0zpncIYTtMb5pqF+AYcMaXy6TMRGtRhvp1yGPTPnN/uep/VALALOLa/R8u1aqY+HtVpYpnHl44xTZLufz/h2KShK41U+Xapd35/DtWvz+nN5+5V7e98+aZOPB//EACkRAQABAwIFAwUBAQAAAAAAAAERACExQVFhcYGR8BChsSAwwdHh8UD/2gAIAQIBAT8QVgSuhrLHTMbaMXqKJYKSW0x+JvEReo0yIF9x/DfXJUQVAiJxvQsIgRZS0MHU4cq1TIcaFZmeMYN5v65HM+aEgvofj9nf11f86SMWTPBHbgeTSmgEuIhmDFsc9HWGiJCGwmp0naeNFEUYIEzgzrte89UoGUkIMyWDM6+YkdqlMOipkU2CeDaKY0nqR+Wvz6S7vn+Hb1yOb8tYHI+P+aESanbsUYwJiwZmIWNZ241eANbGY3iOuY4zWogIyixGI/eWle5iYu3Da6tt6Fe4hCXCagMr33fvQ7Pn+neodvPE7/f4O54e2OepT5yzFrrpvibdylk2USDkcGIeek1ZkMr7jteJ4cMVYgpAXHFo4yXZtNQeAvQBIti/vrw+4Cpx/n7O9GDyfEUAecv0dqg2O3mx2rkpi9v4B1no6lQ7Pbzc7/dg2O3mx2qDY8/w7VBsdiuAdirBxDvI/h9BhHZn7GRzPmjByKg2PP8ADt6ybnn+nep2fPI9INjt5sdq5KYHb8Ql+09WKx8fetVr7tvm/wBrR6kZMQYsxR8sOJgkjjykmrN/fbTjy9qbkSxEpm189rmk3ocEZvAznF55EdtPouT5pF+1udqx98MjmfNYHI+Pr8u3osC7E0BMi1rcOA+7SrCvqNtGd5t8VBq92pkXERFnprSt1QTnAnkctKhRtNptrETzt5kKSPjr6w7PZ+7+Z2H+PsmTmT3owcie1SGWo9qicYclrufi96akqyjfi0u3nP46Wrl8dOJ3rV6HRkTEscSSeTEdKdJZLTOpb9WtirVMoMbobc8cqk38t+zvUGx5/h2+7bLi+OzXL65NyvLtVrTiSaNyzB3Azm8kmnQq+Btgi9tMYwT7enl2qPDz/DtXl3+hb6wt2bZtvbjeJs5nFnPHaLSMaGJtG3okKRHB209vuGLjUneI9fXl9BkjOlQ8R0J1tFpvFkX3mrxmNCbBYtohUMzeGJJOSQgYZiILX7cppeZCTNoILO+lSVF0njic0xLMEaOkdYfyWqV0O+Jltrpf56V5d6Z1nr9CZnUV7caujZD3OFuHtvSkW6PsUM+PL/cjJGJ05n1qI2gF4WKRiiLQawhaxwz0s055QmQqCMCbMS80htSHJMJS6ULWhnBltispLlu0wASCRGHFmEjjc96iBB7ZtvpfLx6cCS8CRtJO3BwFI1OWk7eX31o8mC9uF7QeWv8AR5dqdl7z+f8AKlmliO+H5p4xGs/Xq+lBJ1e2E1gcj49LZj6HxedEPx5oTqzELBqqyzwM3zBPGZRhFi1iHhmJu0t9gCc3trxje/xU6bnmvExzpIMJgYXVBQh4Zbu29xmCXk2tyybheLVHiyWyqmPe2aJgLMgLGcGZ40PG7xM9qeClbRF9vbzk3wknWzy9ovPFoEhSHOMpUfmBINNI7kTbiUYi2Y+OffPGuDjEdfr1ery7ekbDaS5eLnxWByPj0vx4vW9m3PW/vriY8h72qMqwQ0A2mZgvE/mMGIgAFLTOL6K4dsWIq9Mqnu/mg2O1A2g5abR8ntQZDtq6hpG3WThU90Il1ZsxN3H+5Jq4Dm9lc304xbgWphpuum5Y9rXyNJCClnUkn58vVkWEhcxEGU/lB8pgkkzB5bhYoCUiBljBmJjrzsUEBDZD2FYHI+K1fUl388Csjm/LWByPj08u3p7w/FYHI+Pqvhli5rSjFnUWdduntVk8PZpCZKEpJr8v+VbGMhMdNe0/FFxonXMcaglZFyuVM6z75P17VHByB1/Z3oykESzjgP5RPCib3m1piRzvmcVcUoF2WLe5bE8DapEcBCSGZFl4xwbTV+1J94fYh288SvLv6+Xb0xOP0cvWKmiRwSDnbj71Gs67kl5vzz+awOR8UC9vH+FWI8/xFJBuWNTY51KYLvC/5ogWARgju48+PJPPe/wTtaiUl4xysH6ogI2HGNf5m+1aNdo00TXfmMFWrvGbTaEuRiNIn3qN4wWPhrtQhIiZL2xEz3tNupNaG8fgLdp63rP3CQSXdr6Zt08ihkHcn6lgXh061NjgXGNGdTh7afQLecBTY/TppekG6lpvpx4sMdKvGSC4CQ1kyERdR40SQ2GhEzaeHKYca0xPkh52oN7eP9PTRSRJmUhSZ0LxyM8moRYAC7wlSJi8hwJywfWTpPTp/Pb6c1IEPH837jPO9cr49OXpDs9mi7PRyqDN7s3x1tII9Wi99W/fj65HM+aDFmppwl+Pap+FjPe3zOOtbUs5It8vw0UGmvoDabApMsWzE2loEXWkKcTdYRYLOXW8RonC5y36e3pyosSlsS4vEZ5W5VKyzxP7cvu4rEBw/F/a3tQs1sv0IdKBUIbunnGhgXZX2swSee9Axa5w15T7VBodimBbEC6aX/FSIYFC8iEW4ON6h2fP9O/pmtWOJPe6+xyYoEIZi8bxrF9LRfpRTQXFg1hoLkGiI9qGYk5Vusrdi88P2VbGxaXBbbhzuRy9E72/0TiM8o0qwAkIyCXhZ25uGaEALQGOH3JNzz/Tv6CZtQNDX/KwqbJJyYJ+eV6tmLfp6WEmxaZ2qGsTGToNyzv3AxSgW6qdcpmgIJNCZOX6O3pkcz5qEHI+D+e1PpNnjpDL+jlQbNojJgsanepbMCGWzoZztQRNpOjvRGEJsZy2znWfMLdvF+n8+9SO8sc+Cdme2lWvYilixeDS/XWfkdfuCYs31hih2s6ZRtw5e3Csf5fvFS6tpa2mNVbYZm20msJDYiduNnFrmLtAABirJpbNcGM2jMzd0zOsTS67hBtbdiYjqa5qVe7xeOnWPjhTuvaVwyXrOKOx0HM/R2o7nVSdpzu6VA6D2fLRRwOx0PwVHh4/h29MVrzKNbIR/L8CanScyPWTLO9x5RtRALYFLcLnYs/2gjH2uE1qHZu8pD89uNAIsW1gmoNjyP0dj0dowxLfdBbXI1Zve1AAcP5+jt6FQGoe9qmzGFm86/FuUaV5dqSzLNFCuK/Ed6sAs4LnTL7Twqzs0ENzW9uX89qAILAtfEByltjf2bhdHF2+L28ApqZjjytjvf29Idnz/TvUO3lv2d6kSMve8b9ImOG1RS2QtnSYiYhb/k/4c7cXnZyI0nM729OXpCS0JtA2C/mpzrRTVTGKgZ1L/m69COppQ2OR8ZtyB7GtEJMFwd8g/r2oijt40rQPAvyRN+VE4d4c7xw5e3Ci1ci1uFtOp3oILXI20jjwO1BgDb8H69qszF0sOQb3fg2vGF/4MVxmApJCAxZZWpb8WiwGwVy9JpygzquOHD+EUyCJDDJEMn+cKLg7+km55H7O5QwmbI+5+qxk7JehN3pfjyomF83joeml6IqMJGWERNbHRgvUfGNoFozE8OdqFYhniXa5PHSgcSmkX5Wnte9sVZxyP78E7MV58FS28f6d/ph2fP8ATv6Hc6un2dADYcEgJ2hEakVCMJcYTiMJ39WIvEazihULl0DGFsS3jWwRZaw7iyazjHpLu9/Njt6DDPm9JF1YBzwsyvI7Jo1svJ/nx0vXlHLjy9uFWwfmOG9MgcL2tgB0tMTi4TVyeB397yMR2mfWDY7ebHauT1cqg2O3mx2oGSTUmTifs70YORPaub0XN/fh/Pb6lMR1JecTv/I1oWiEjiLQFyLyBfSC95rPoXQ3oF7iIEbgY2vpezSOvJUkTMH5tpre/qWR2oRByy8uPE70DRNNm3Hl7Uzc6jhUu/vy/R2KRFm6GN0ya3/2gUhsaF2NOHP1B2fI/nXTf0Yi7eNKSFNvTHCgSEmhobcbaabcKjueOfE70ZJ3PmhIL6H4/Z3qDY8j9HY+s4uuJvyb7aNsFWNxQbNraDrexxDD6RxdPb961aTwfxFGEYSjbijiNuwawqw2Rw7jGsa+7iax6QbHbzY7VLd7fzgdqyL8Lvz1scS1NEzFs3tY13taoA1L7sxfoYi76lkdqhEfLy48D6PDtF+09WPSJ0b/AJ/070kiLKzbfMQe19qnErCC58HHPG1Cta/yolQlyfj9HYocFtB9nry9eXoq5V5+rPXPzGzttrFIuUhzcJmJbupdv0pAiyMoF4NYC3tNIlSIwzNxOfW5Df8ASs5isILmYmxiIvPCBvRGBAYAC1s7sasuzp9qBHzSL9ve2Kg2PP8ADt6Q7Pn+nesXcb0DJZyfJ+zvVgzg3zb+e33BTC5nNDEEidkBoYjJ70exhEiwgheJlP8AboIiIwyRcs5sz5wNE6NGgeH4c6hJcoQy7ZzaonkaXljbeOLbP2/Pgrz4KOCeRy4cD2oCsiMxCM2Die9EY5LTyj4PajC22nL+e3D6eX2UliS8Dvofn4il0AdMzIERebL3L5sixdjrK+U28IuqglXBM8vxUeg2gbcn4bcakIBDEEmNKvrj824GOevb7YWwGZNOaolms2Hqx2hiob7YyBtYPyZ7tEJbLm4X4L8OjGp9XL7JAmxFuFDaJApBDYy+2eMWpgSWJlLm1sJwZgOdqAAIYNG18bx7UM5Lu3L9HajSSYkCGCDTLpq3grES4PF7fNK4W869JtwODaKRFyWNdbfsoiIEaeGo7ntQHU8HHid6EBkvxKDJOJvwd6NwbLN8HvrPWNavpi9pU6Y2xd2q7jI1/Dl8btFQrLJCLdGt9bxeoW+gmY4TvlmOtAIsjOA079dKAg8Y36d+P/ANlXxBDoEa9NSJnFX+P36Tx9+X89uFTkWYiV1gwudO1AfDhuhrucYtVgq0Ta2Yv1v5FJqtDPKb86lu+OdFi6Lb47UWpHTTl/dPmwUXZIyunm9WYkiI5KWpZXiL81DY7n7ro9uH89uFQ2O/9qfcGt2xJWLOoNsjwOUl7UPCGGG0R7OD35/fAoIhEDMT762C97WqdLMszmb3eWt4bb0YJzr6Xd/I/ntTksuFQnMdBl30ocF2DR4b8jtSIlWQv2MX650c0LA7hjv9Utnv/eJ3rz4alu+OfA7V58NGxjs/NKCIvcWYs6YzP4pLXYTrDkaYhxO+gfetFkl4Zuji4h5mKm2qbLMDCW42MVn1g2PP8O1HSx0bqsaLReFt1SsQwxo4Y+NfZ+uDY8/w7fS93q6VCAsaQxtxNs6wfdK6FWicpBtnB73Ypc7ze8ud/Ni30cqIWJ/nk1HKUiZuRJP9vVr7oCnEB5ZiKUsoy6tOT0QmR7fXC4F++BCS4M8NNrb52VpUdhWLvCLY202zFvXl6ORDm3aWeAEriDMVAzJiUi8wQTeL2Uluxew+7BM3Ft/IhOEVeQLDqc/0mOFIe3DaSO1461M1dX+UQ0PD+j6i6bKVtYJZnrocnntWi4wWnfTl82XMmzeYi0/2beJV9J9+H89vt6un5psruZnTT9ORzPmvA4UAkyd6+Ze/qg5B50CLDoN36OxQILGHTn+jtWXQ+SvDvWByPj6Lkm99edWCNvxrHr+SsbS34qDY8/w7V//EACkQAAADBgYDAQEBAQAAAAAAAAABESExQVFh8HGBkaGxwRDR4fEgMED/2gAIAQEAAT8QMy4k6utPooe0KNWgiy9I/jjY9xnSbijjju3APcuRIrV3w5I8SFq7vkw0xM3lcNXiJfozZ9gjgwWwZOMmozsZk4ZRiW8GxaVqZl/G9PoWVNV6ogkCbDq5/wB93BCz25l4uZdBh8lV1IKrqXju4IOZdBCHMFjAwojr0a18zXAYfBhBhBhBVdS/nFoGLQEU1MIpqYRTUwimpjCGH+Cq7+Sq7gqu4Krv5WHCoyCfYnvjvu5iyU5I6JKBEMiNWcoqC/lOJTE0jJ6kbXzJVDw6esY7h3Ps/D2fYErGKwsUM6fqOCvxEjIyYZKZJmRtGPYhxexCOGLmZ+YAvfbTT2gU7vffA3PgxFg/nFoDjLgvEYKrqXiH+Cq6l4hDj9C5iYfyLn+se/wYQYQYQw/5EU1MIpqflFNT8opqfhFNT8OJL1s7kwegZeJlgwEkxKnOqRkhc6eDjuw15Ej8yOIgTTE8IToyjxYnwOBsW3zUEZUJG/lmDeTDIki82sNqe3qbhqhMN/OIXskasJ6kSsO5F5hAyZvmcRgd2eEWBwlH1PZr65iLB/UIQhGEf8ser55jz68K5iYdXAY9/gw/0YfLD/yH0m6ZGsm5UCwM5w0Lo2gyEapkZkKRGRmqGRGaLAzMwwykjiI1J8VNWyrAQJ7jFPklvUGXb2sVYQRIqHkJDJ1U4NKIGCPflJkeg4jl+1m4GUlbUwzencM4CaPHJrOSniDUI2FgiTorpYjD4Q+HAfQiwDu4IYQwhhDD4QhCHobZsbnxZw3SMm/4QhvI5vJDsa1rhNhJ/GEMPlj3+DCGPf54x7/PGEGH/MVXUv5gHKvBw5Hokg5y99WbHDBVOCGJkqYOkZtTJ4aTmZuEnSfANJPMO8yQmOMFspiKRmxGk5tvaig0Ht+oVOkDSamTDpBitJGt3UbiUVb1XVIFQqxMCT5ag2lJmryI31Y/RC8whGHAfQcZcEIf6R59Cz29t4RhH/k7dBHWir86zEIfSRYuOFcgRQfHuuJlDEIZ3R7qTFzEAeYmFhCEKt8Ipqf9YQwhhDHv8/jCDD/LD/J5Hsls5oNy66zfIWSHBpIxx+kOSicpQ1DgIXdaYAieVwi7g8h10UtuxPKSclPmOYRc70i/UZJDIWWkqO1IlNI11IskBZDiVkcyjbf4cy6B1gIv7QhCEf8AghB7PsOwd/GQzIJRj83BkDJo9TyiWCIGE6/YN5VIakphGiS1aHglovPPwMIIV5DEahtaMUUdN2/JikLMrMXN4ss/KKan/WPf54w+GPf4Me/z/JCwtbdG5xGle4wRaGFBkt7mfYsmT3TzGoaHR1PtjAoEtBIm2ZK8IAmldX4ZGCB5Lm0RvQOhue2Xsbm3nnRzaIHJdCBZrciCuMMiWY+1PYh8HOfIdYCL+0IPMttXJ+xeZ8H/ADH5PZ9hZazq/SYIWTwKqhoJhUCH+2SIw8hhlgQnvebF+E5s6TRxKIAawRNZejCDAE+iC45iReVS09Eb4BMPpclzX81AqhZ0ojUgmFo5mQYQjmWC/tR7G2TGZc/4Y9/nnHv8/jD5Oc+fKm+47UdFKq6dZmrSMGTThQ/RMweyBGliXewIl4aMoopyypF35iCg3VtLNqdke9Mmsyexs6bXFucU1Ckz0Vy2c3scED+GnsdlQETPKEdDYmTFj5e5chznyHWAi/lGEIQhFn2HmfJ+VV3CMI/KAftYI6jxmXC+liQsCUC6pgSCQQ0Q5D9uYGGo1MvdCMe2UWSNZq8mh5O5GRe2jlOkTuSJ7lcHnSPZPbzH6CIyThoVFNOwjGkbazIOJw5J0t2DA+JsK2NQpM2+7o9wfCOBNXAWIqBVLXm1+Aw+GH+WH/QqcMbUtCBn9uRbiB4Ipfdaijz6FXY/Yq7H7Fjbd2OGZdwzdn6tLcvQjcOV5tgaXhDasV0ClqAU0YdImb9STy9y5Dp4dB7lyIgh/lHn0Hs+wiwB5nyYVXf+HobZsbnxhDFOaJS0DgztNM82qIrDPpJtNBsSCoxtkSKahabAUVnq4dllzF+lJ0vZwBTZhsqGlzcD0VNwRHemW5pyNwQczX6QRkpQ6hFpmCJbHsNI/rhcK8JujEEFdo6JbcGNSuy/lG/gHIMeTchhxHbl91BIJM9MoZEUZtIlQFcpBtIyJUR5zStX/BZaSo7UYfBFNT/1stZ1fpj/AIexlmxufGp7z0YS0D5Y9iLB4kHakDSDzeZyGAOsav7h5hDs7NVuLA9y5Dq4CHyVcws4bpGTRHn0Hs+whCDF/L2fYEBLCe71CYyDFyll7BETqOUYn8xGIO3Zs4MfGV0GAY62i6Kk0PKcTXfsiq8hwgzN5sW1jARJQzjZIzBjCsEMTkD05MSSEqmriR6mZ+1MEzahnSegRES2AZ7jyxpaLDgyVFEF3daTDj8tgYiGdVvHEGDMRqx98QCMpFSGtMs5HQ3AwSxmFvBkO0n8tNmHnCCKamEU1P8AvD/AwQ64v5dih4wOFgfIxaAimphFNTEWAdr+zTvMWe3NvGEM03JzjRQioKr2RzM/4c58B7lyEG/Cy/NBD4PZ9+EYQg4y4LxBi/loW2d5kY0I4zRJa4iox3DhDSDKhSNo0TESL8RIGFiwwuLiwI0PRGzHIiCAm1hzjPUYAKLRjUfjNjKkJsf04ui9obdM27tRmkVz4owUDvkGmZnc8gznuOmsqos2Qeq2pYD4GcVmurHaqRzK3CCBmcJN7jjgPa/TlpQIn6udDerBmB6kf56UQPyM860zUSoLhkGpIZEbDZFFJqIZDu4L/gmCG/3XIWe5dVW5uMuS8V9y9DCEIQg9n2EWANDO2EvR8B4Fj0cZHwfh7lyHuXAc58CEHmBBD4PZ9+EYQh3cl4gxfycTUy1eyqKExMh4i1GNDCZfIhYJwpyMUYiYnm/YwaHgkoDwDyVBoKQo8t9wQJpq3Ijq3EULh0mlWlKCbkTUClm9ZIGFcKP9CBGriYu7MgRC+/KBKjcsyMGEOfcMDE0cZopLFrmZhxEaFuLnG8bGCwV/RBl0IGl/GL9MZJFZMUauYYDYsKZh1Fi6vWqVTOOjDccUV6kE/wBpSQJEGQiGSCNDdD/gvKBw8C58YNguZ7jBqEIR3gLLWdX6C+wGBePsPzw9y5D2fYPZ9hCDuEuBD/B7PsHs+/KDF/DiYkzjJX5RkD8ukgDZEpopgwiIpmZERmWMEpWTYzDSOWcrOBD4Qo+TzExLKyHatM0UPDxaa/BHnEcBmeaW8h2RnGp03RXiwNFDZeYZByDx21oQhrmhKvtrRdECEIyyCuPPP5ZGryoDIkBcOi5IJJA8Cg+0xa8RLhAwsnhCyeirtpySGVLUs6D6DUJvix7xUvuDsmsEBORSopTLpRYM1R7s3FyCg1lSrYh4MxQm4AXcnzHzBi/02HR+bLRt4j2Ms2Nz47uCEd4Du5IQh+hZdqHBw7ypv5ez7CPwdwlwIfCHwfPHsPZ9+UGIR+UyRoe2c9mAqpwc35vFws+H8SMgrh5uzNlqOAqs9FCL17TEi8tYooTk45Nx3GKETV2GLoAj6MHJ94AyJVbZFAuhtdsoZL2O5R8frnzIWWLxEzfEag1bGdwEBOQMbcuRiZy9alHDgnEzabW/BFkGW9LfUPXL2qKjg9lVINmNGptIRPXAgVtvqpg6gVl+XnRRUWz0XiCAj8zbCwjNTRZsNkUM4f76hFpsb9d68PMt9Hr+QBltl9sgimphxlyQjvAexlmxufEWAWE1r0WQMUwVs37eXs+wj8HcJcCH+D2fYPZ9+UGIR+Ey19dQ0IQB4crb0cIkY9cenBQ50ZKS7aMCletse4ghLghqO22iTciBRcIEHE9Y6pjOBvFDXaOb8hxXfirARHpxbeRvRgcfLa/d6jEDfT3+5BCLCK8sGva5xUiFTczo6PyaDA8Ncktp7EwSUtVLEtyCIcsUIlb5jUGCH6ykR7DIr7wqOUIjPLeAUbsHA/10yyZEmQRs+BJLE66LXIaveqL6AwaePB6JngRiRDEgQ3/df9YQN6F21Rj3+BpfrvSFlpKjtfDmXQQhZ7e28IQ/Q+McrJqTBdU8vZ9g4z58Owh/g9n2D2fflBiEfhSmHZ8M9YEX5UYOJ/QUhHKUq3I9E9JOHFmDjkyZtfKEZqT3aYskMR+DdGCwyewtRYX3gTMIiLALZ5q7FLMZAYG2r+zIlBLqcXglMKdwNCdTWKWrxZoYQR0Z9lLOLmGEOS4Eld9E7B1Zv2lSoJlQ0iDGErtNAZLxvklDYp44QaXIkM9Jz9Fb3ybTUcv8W4KQKjzwVKr0ccIISTs2w3aWlf7cPAuf4w7fRweSHED2fYYdvowbCwnQc9jNjZJUi0exZaSo7V0sOhCCq7h9Cs2m+0eJjw3TWs4+Hs+/J3CXAh/g9n2D2fflBiEYEOPCy4wDUfLRsu2kDoxjJuD3lA1SLBAfmhg8nuJsW5IBTZbOH6aFRxQqa5CzzWGsUabg4Le5GRAiJLNm6pQQhYRPo4MEQ42CawkOFdhIKuQ6uli3Z+Gxe2ouLICpbmDsmsFjPzhNjUGU4NYZ8y9CkdnR0HVmwOE13t2ijqsbjHMc+Bxc1x7IKtKmjpI/gUJNyQs+QpH8YN29BMDs/wA+tEVLMdg4cj1wUs/owJ6grIVtB8EiDXFFVPRf44/Dg8kOILOGaQkzx2dmq3FniIlwQ10DjLkg6WHQh8IAS7lRFGobbCCUa13iHydwlwHs+/4PM+TDjLkv46uTHZFOWue5+Fko5dXmAvcBHm79JxkQAoqgnuDDEw8IF/5ZqDx2oSqbUyFYITlduEE1lvR8TVBRCyvOuoIU/PbkDaHGsZcHISi3TKGLILHQgypTlCRC2L2PdJKqd/DDipfr4KVeoUFHOjT6ocFn4vx1JHYbovexmxNlEmxrcdabDCHRbNd30YrGiZWQhHqezpIsi9tmNiSgmPM3S3Uc6hPusz2Qcn53NOXmfYP9pdUKM1FMiMxGioZigf8Ao6xDRyWPbcjY1fD3LgYQf3L7vUX6/NqBxlyQcy68Is+x9B+NHW8VBnCG3mHydXAQ+UWAQZdB7PvygxCMLT72n6QQsX79jg9wHUVvItqhIWlSCouFviJgqYApb1QaliZzEcY901J9LQVBZm1F0aggRzj+sJ2wyLSexPd4E8rM5sJsIZGT4Ytw3LdH3CT5jMWZbT1mFAsJ2eJNGTu86R7DjPfR6/kOBI2srhCOYiTwMdHEvaDQ0n8ZBai5rK25wDuZ8BKvvitLmoYQsF4kvI1BR9vMqTYwjc7qQqUq/BcxEvoWSrMqBD9hhXXnmSkxrVMnG0lta3Dp9f6j8I/J1iICdsgm7TxGPf4LPb2XhZ7c28UU0PxCEIYQhDQPVD5PoYhnDdvtG+YfDCB1cBD/AA0PWWrTSohDu5LzktQq0zNyNVWA+0UiKCDmcE8yMg9BJm+8tGBwQ7jdHGLAve7Jlo9R9uKZtBlsn8sxqHu7XCrRI/5sxkcDaNgINCOSHDYWlJ3ihODydXNZQmGpSwGy3sRzh+l+TlGMLfJcEWgktV6x5LgWWkqO10AT3YqF21RgNlXY9+hYvWt9BDgm15bjIsTKnXAcutCmLdxYJcSepbAzceW3iiDNK8tp0YaC6JjplhUiMHTbGzoKmnSRqR5qSkauIzejXA7FJSvxZcf8I/IoojJ5k08albUFj89ZPOy0ZeOMMYKGfdmGMPYyzY3PhxlyQ9jLJrMuRIMrNDZtFx7z+TUv5Fb2YLB+m0+Hs+/KLAHmfBiHyJlnzOpbTItFYUAt5XUJMKFGYKzwtkqJh5PUsWERODj0WKuXF5qkAwMZMT5gwMi2u1SmHJlvNmhTYQIsW9ldUb2IhVLdupJg4JBkq3dCM1hDEg+gUh3uuwzMxFqmQ/QYbtcozqik1+uufsmjna5uHZIe046tXmS3nTEryPYaE6eAwah0XE6ShS567fjRZazq/ShJyjzJ3GIizE5Y1GVvbQp3R4Mj5vchGe1dn0JBsLmu49A3VL0Bp3NH3T2PYyyazLnBEDXZUODHsP8Ap7Pvyj8tyfIVXQvGEIwhCLPsOMuCGHR98WRFqd6oMQxmeltwMPZ9/wAMg8k2wf8AjxgRp8liosy8xYA8z4MQ+ESnjJkmRiHl4qooZmqtVTwSKqafnCY5i6xWbCQgzARCMM0M+MSnMXokDSZ4e8ScX5sdsyaD7Sw+Nfm4iH7itjA/kXIzGvWvKDEZ9q63GJNkZLzbHCgqZGeP0PCrR6ao4wYHD6hFfijiAttMA4iYalvi0MIBqw834YNlsso47ZDAp92fEYBwm3OQr93Q6WIzGvVWKzG5Bxv933D4ETuKMhEUH7nGPYcOMm4MRWRX5SoaN7rYc+nNH4n5UbAjvhLp0IFWVDZL3y+dD/qP+hEFu+5cDBqDzLbVyfsR6G2TWZc4Qiz7DjLgvGp7z0YS0G3Pkh0F9bsjD+Xo1kfLIwUWHFVCxyy/j93JCDLrxCB5TKWCmYiEyJmbImZkVAioUeIREaE5HmSnEiREcRDRbiwxC5ZjJCoquYTXIuyoO0xfRIJamPpeH9iRUEQ2WVsyYUSuMTd8k1BZFOy2aKhzN0o02qLIYItkjqMJ5UP0qtH4yJJa9RFTkHpWPhoomTDF++pD4Agmo6epjShtm/TOYg0La86VBEKMtkcyVGRQjNIopIRDtGcLcwwZiMRdfqkN0YYWbDzFivTm6vDZ+9jnONBoMPdtwRBFcxWhxbQY4ESd82PByo1L5j0ICWnr6OX2DKsUGORxiUVoY0FCPM13OJ/6EKYYVonoYtAstZ1foRbJ/LMUMkykT5NxGMHR0SJzk0NL9d6QEIdB8A5lm1CNbMyXvHzD4fgOuzJmMSLbdHdIEXXauri8x+DjLkhEiXCCkXwGhNJGDjeVE+g0sEM5Eisa9qk+hEgUiCNFzm80FAJBC4KKk8Q3Jk2KFBmDqS5a+mhETuKBGM3BO7cYMHt+6MfGAkTPx1SJCAYwURMMyuDQ3o+a1WRlEkIISnKZhu2wnPTUmyQQxCJIJRzMiKkib8KTwwOo6VMGahQcFikvZSaPZs2jAMJnAs/zIcQwp4QbXjYUFxMlZJWhQOB+7phziIBsGho5m5N2sDiIkyYQf9MMtty8XuYFIzKd0qmbwwL9ERG9xBFDkXO3pIxQPBEmBzMs3hwzo49ij20bC3tIV7AnEToo+QxRRsVS2Yh+IMX+EYbUuRZazq/TxmMeqtjjcgmZbD2Msmsy5dLDoRYPGowxJ1Zo1URgQgKtq2fSqfiHwgRGRw3NtUoLKLRZtXSAMqGaoRtsj893JCPwiz7D0JXBI995EHtxDzQnMWJN3UGXQVnDEbJA0DeRIa0zJSUeUjgzI1EpTZFzJIF1EjnBAmT+F0KlB+ly2Mfgei7xdGNk29M2Chk33NhfkWxruyyK3kgeygWcA0jBcI84QhIBEg/AwggUwZh3UdwYhCz10DYVITRsWowumwGqdVfgWK2pzJA8OzMmfRqSG1pnp8nA4NlywckuFCx1y5X1IYki1DoaZQGBCkhwooUgjWYVBg5D24NdTcGKOXJjvu4sWs2vFxzNZfsX2AzftuQiQ1QwitpqsIiUqIeRnng1f54QWMQgxDu5IZDXIjFZhcxkNciMVmFz8P5FyIs+/HdwQ/QFg7R8iiNLHobIRlv/ACjFZhDVwmXwH1V7FaHATTDVsS8wg8z5Pw9n2BHBthH+Oi0PCOR3toZNSLQGk0LsIzmOqIv6C1yLy5OIiYSyTh0Q0FpWxDijZEOTbv8AehCJZqUVdGrx7Gwxp9bPUGjka+1bMSOMZZuoIjuUbqLIARaLNJEIEyyJpm5qNZQGW88nnIpCICMnGQqjRvuFXq4fpGZuQyxlIiTtJCWCl8bGUUKs8+aL6VuQ9oZtty6tIRI5syfOJZjA38uLhEDvRC97JwvV8bB0tp8IMSJP6uZgybYcrrLAWQZCOKB5TSn676MUknxWCm0rMfSzty1yBXoKSm1XmppA/wCYMXmP+Vhnb8CcEU0MPMt9Hr+QDC/fWsUyLYO59mGl+u9IYwstZ1fpULxOuiMMEQb/AC4+IfCNHm31l0gqgmyxZycQq5+UIPZ9+D5Y9g1TyejeJPJrzFCJxqTKWjCFr4qhQ4NAZC7WZNj4N1EIWKbOO+iH0F0bA4iKUYijximZGegxLXanUbDoEC4avbPs3mIhG/Sj8IhzK5h+zyg0VJRGncVeNks2WSGcXTMPB/rcnBEr5y2KDUbEexydH2MCTX7pZnINAzLt30xyW0tw3JgHdyNccg4oiuuyrTMFIGnklGziARwK/VXiFGeW1NDDyP2XkOHFZqdGMahsYLVbrNtB6Uf22IMUWtdt1QGh2URYSihqUDaTWoVSP6/s1UzMzi+pnH+YMXmP+SgursW/ojCgV5Co66TofeDbx7GWTWZcvlj34iwAjUo892NSIMwOaf6R23zD4TBsboQeWU2fYZQEPk9n35QhKCDZI8IVZUMXuYkPhFBo5I5mSacJgMwlWLdCIjxle+j81oMUfezF1Y8GdSPMd3yCkONmMt+aruTnpqQoaSdfFSaJoR4VJq7wiQOnUsDPEnMIoCxHodFL9TYE/OyUXJUGQw0b7NoIjRRYnxD02DgmK7YNg2BMDA20sUb+PDxcxJmz5JsIk6a+L2NFhaCQyRqJDI1K1SKZoWawdKRG0IlUZOMRRUSHJBIa9hTqkje4lAoFsmOHRGtZW1hD9Bg1chGDYamtwN+BCQexg2N+uCMsayMv9SiKZck004b0LWYj8sGw0NJfWwWoeZbauT9j2v7JeshCEWAZgeu3ZRdAizcKLl/MYOrgI8+v6hCZNzmGzdBgQSD9iWw3JVvN9mDn0KpbmUcMgZUWKFO35A5htFbblJBQhiXOaZI0G3vV0MSB3CFFhMrg0QKOPBpchKlzjHiJGOiAmyJ5RCJSfw9QeI9JGKhoUFoT92kEVfXkz+q6rCICLIjo9IwEC6qcG/gMqLVwzihFkbXghR02o5ym8QDXNOnoSVESNcercgQFcnCq7kWSBptXcYFUMh6NNyMGRoc5lue8mELIbzt6F9DKWrc8R8OuNMYyoEIvitm5XNQ0Cwx05CmTURrFJJtVSQ+CSEY9h4uwT+MGr/JFrMPZ9+FDYvQMtsvtkFXMHVwD5Y9+IsA4CU7VMaoCIGHLZ0g+peIfCMHcy4EefX9whuTAjv3EKS+e6rZpCJh17UQyftmHLwkvdvaMCzsU/NYIELXDuQhVi3jxGImWHx33Mwcjs0OWnAQLvFqOjTZMWTAvixeLA9+GpYhTSMP42LDKbCCEyeRruNKrjYFkyDG5JFthye32Hn1DErzEEZubZMOIG0jo4abCmIg3bCvMR+URgQ0zBG9VevtJ9G9PoMi8aXBzV5GLvdwIQ3k5oRtbUlmUyDI6FM5M1xMjMkmRIpGGAoWxm6Daf4x+D2ffkhDV1Q+T9YNh7MpvJjTlFkhGGEIs+xES4Ia6BFNDEIEXgtPfYzDJzuf5cPAuQ8uAjz6EfhCEf8NgUw0zXTBQSxH8YYK0xY6lsSm3VFE4wlY5soaTyFAbdg/Sodcr0lJBwchWUBYg5tf0YB2DtW6qGgYw5nE6kSsxdVkHGX1jnaB5eH3qjjNICxJd3NpFmiHfLIrJqAmrlB6/QVIbje6N0hMPC5y0xtiOMxuWIfVK+0RnqUa/4x80I7up4DhyfbNgYSavpmBKwSK1O1J3sVZknY4vkSvMSIXKWcDkyCNsT942ccJYnPUtiT05CNwpC1kzPI1cWkf84/4c4PKtYuy3WvjAJjPgTE+z41oMYYweZb6PX8h2v7NO8/NBnDUrXIZg0Vh2/wAw+Dh4FyNkDu4eT2fYR+TCWpAwG5Xzk7BKgmZE9itDWqAK4eDXzYXFChMNx+8gVwGtHNIVDi7e9dXoX3C2YkTQxGwek1jibVDEws/tz4kIgNIakTNIhpP4M/hhoESN/ZK95PMfgxFP9Ci9uQJXQrQ2vBkQUlRhKRPQoGg3Zu4wQEZmPVYSk+FeTiF+CJKqUi1jD0cPRaW96ByaLwqsPocHoejad5DpomsppvBDGwG8rcDb+0wMSXNbSndmwZC3m9Dj++ypEamcKua6jTnELzNrKEqwY0zVzdBRiKg5y/zez78IfAlpeXecPpf1mHb6Gl+u9IRZ9h0sOvGIQzkw+RYK8vR243nr+HDwLkOwh8ns+wez78IQbJYetVtsGI0zj9KS9BgXkRS1WJAifWJxtg/uN7QUc3JMERawi1vZB+jGDfxj2gyi1F9qTDeyy3ZNYjx+EwRumMCCELB4JfxWRiOgQPo8mTUWSDuQeQx5WRlM4xB9blKNGtbUH1DVXHISjNCgZmZzUyUnlDvLFpE03ioGPBpE9lbYZJTi1ydwCGPMqNj0jWyGYSFrsKAntmkshjO8PwxEH3G7EmG1qvkHhyujfgRgMrzxcQyTrrOCYG4H9HjSM+OVoeO8HD7y/wA3OfHiEL6jd+AgAtVZaL0LOG6Rk0ZiJtnoTAu5ewojt1W2GMINL99axfLHsQ+ERhMyc/b0oIwH72zQTDco5Lt/LrAWPwsmG3y9n2DzPk/FkNWW6voFB4rjXznoFTdlk6oscYBuuSiwMGd0GJCVb9m7sMDpU1r7dqYaBgqSOhZD8yTztBmSkOB05DWZT/QWMpiyMpa3vFQcoZUs75FCUYpQI0yI6hAMc8jQnNnCodGbHoz+zDWZmoKb24QDZihmgpm5xQfAQM6m5ZkfWITPDiKaSWTBkR4XWvcgUDCPzsWMoqggJX0zGLBZaPOeJ+hyHPFPnwe1wzJ2yg1W/wABEV1czdGex+EQwKcdCf8A6PZ9/wANLW4+DxHJ5FnDNISYO1/Zp3mLLSVHa9XJhFNTEWAOlh0PYyzY3PgWWK6bQpPs5E4XH0CGlJqWtwxbHzhCpwhZZOgJLLQrWoUj4OFY3mFKZ3+hS3IMLE2938hNdgigajKYiNhJZKTVM2JYTPNj4R7Es9+YqRK/ASKpRqvzcYgK2tXNeNAg6cd9lDjO5ZBwNq0n28pSGYMF1qTh2RmfJuEWYg/lTY30DZoaprwMzLSIqGGD2+BgEhRN4cIGTicrcc8QZjQg2aNSIiBPXgQkBAHofgKkqRik78rxQvuY4ZiyTLEQIoy6yJgkE71jvuYsjHG5M5ZhaEdNsz/EeMwXWkSMSIzC14ggj76Nrb1VamsVmIo52Vasr/nH/JwndiH+PiGhd5Hl49jLJrMuXyW5D+jQ0l9bBaiz25t42WkqO1s9vZeD5Y9+MRy9K53TEGIcGMj+Q8hhCbCroyZHbYUG62rVeCsl8qHnGWcFPdKDU0n8bBahVdCBFtl9shZ7ey8D8pMQZDIGSmGgSlMyeRBEA2MUzX3huzaQyIKu20T2NYnO1bnFTmOKWKLPTcKXxYfgpmSkIwRs4wFkKRRkfQ4KtKZ7yR4UXlxiFLeFY25uV4mMHNgtrFzhuCLNVvFSGhCg5hvh2CQqqZLSKb6opvLHS+QyIyN5mopVJSSKqGkwIhGOqtCE1aJ+2rTJosNC3JJeghOsGipZBxzqcF9JIsUyCznA3ezoGBxsOBor7a4b0DFh46MkKkzZ6go4ImcPm41HPfGaPMKSk1FSTZtq0RO5VLQVN6kX+zjPjy0aEOhHkT46PHH6/iHwhBxlwQh8LMxML0zluWItuo/YeWT9mmPw0GDUPg0ODucz/kkdpvnGkTSeaGwzNUqMFYkbMiQMxDSMbKolRCIQiwwx4m94gew6pFr1U0jjMELbjrQERKJMSV0eQiMxQi1uPZC0cXKhdMJpsQ0eGUdWqbCZHSJ0l5MIKWkF0tjlBHJj2q1oMSCOnqjSCw9yYi54B2MnDmsciHVjUDH5tImKMm4NO2jMa5ZZ+mBoOHCCFvEgR0d5iAEKUbsapm4dgBKha54giORE5EUJRDSlC3B9pg1GDCDleE3Ig2CbLdNshgBf23PQETEWDGTY/egaRKgnFPmkQ0hrhHDVr2ff9rOG6Rk3zBLZ++i3fRD0Nsmsy5zETbPQmDQ1l9ZFKDQ0n8ZBa+Hyx7DjLgg9y48WWkqO1eGNvZjIptGQNPhZTRxePazc61QOsfC7iX8nkyTV0BWBMJrzM1IjQODbW8rIIMfc8DccAwncqjebR7gFebJA2XfYn3kfAgTOvSDuFmSybtgDLCaWfEVeMUAH7q3UbSbUmstxIQoQQZJA5tGyXd5Q0FUmx2mM8yB75kerk1nEGVQxZhyOzJ4MDc4Hpb8gEJhdM2ZKEJpj3rjMIBQScXMLYTG0ZXBnuyYnPc2epoCAnC0lm/gNo3blUhJKk37pAKRtZ/mC7qUChGRZu1IcHURktxDwdc4LSbeP9ns+/wCFmmY/Rc2FmzBBj8LPbm3j5iCxlkgTMY8+Q0WhGhMmFaZEpEZobCIyI5kSgwY9P0TDOAYS1ttfFTrmGMZExB88J0HwgHJDQvQcbyhI/jMOM+PLC/XL1bfBfdBXUyKBkS5ISQUSghzI00MRkPAxNUhSFCkPDBhHJgsvBr56yELfp7U8hYRxYMarB0Qu1uTQwCbyLtpoPQ5CwbeIIi6EZ45IDO+k8CNjjRt1JBiDiR9oyrR+FAL2caj4KZQqy1O4y8xUMG7YxNYqHgORj7SsxIHLITceb1aJ0i058FxiMC+1lWmQiTkVjH26KvxAinOVSqMCR9iUdx7IizZCNWNHZItjccxUXWkbkmI9EpVtsRZE49mkuDzEYEmRAOKYTPCqaG7/AHez7/hvwcF8UgUMfPsZZNZly4BV0qznm1YiwxLFGY7OAM4RGtluH4oIsr3KQqnyb7kZjEXjstzSogTt95c8G+DQwTpIzJTUiM1IjMiKhogXW8ZMmgnErQkNNwjUpBstW3hj8ikMZW+WAmMYVFpAj6cQP3mKvM5nOhtR4gV7+2jYi9BPYsYx30eNQ3DDao+K3GXpVM3gprulE26kCIJNEE9uD5xqaTralRIFGiwZ04GPJcA/KuIaAne0lHQKH5IDvAWCGBnpFweR5Da5hxKLMhthkPxRM4t+CyU9frw0HmsUUj9iYFVCi2VvIQAn75Vc8dkZT9ui0TGrbx2FR22jZUIhDvOwyzIx+Fg2XBQbLzpj+Dgn0Zmez5qGkQR7+vJptBi0RejSqM/5Nq5xLrCXqspW2RxFBofoKjkv0IESnlRslJqanRUIbSjMRGZquhYpBgIts/lkOjokTnJowd/jYNoEOlKlC5mPpZP22qDJ88hoppkTUdgCopkCJAirDM1SBkSiCmI/CEIQqSMITz0cOi7FMn/B7q+ra0YmELtsYmR9FHK2QqHLL0INBqHwg6yqM5/USqUm53xlDgzGNBmCKSZ0V0QxGHNOQhC2N4OcGhka9FhdBQGZrbZPfIhC1i5pKeAfCh0X0TnEfhNQbMUiHBI11NDScDzGofEXfNz3vH0YXZlBnSiCoVWyt5ywECCJJ+ElaYaG0Ng3YuzP2HKGs8Bb2uOxdp+Ar3bh+GaM+ReNzZK7p7oMR7RYLbc6x1CgSg5TEajSJhEr3RGHb74w7ff81FnCDzabGMFBv3S2l/FnDNISYMGwm7y5w6Js3gjzFKRmWSk/ACVXechURI3FDFdax9ASmqFA1NYqYxb/AMY9/ge5ceH57M8Ceb0wOBE0yBzalWlSZ9pJT8R+DhYHz4sIHXXeCjcmu4ZiKKN3w3fEOnh0MCLuTqXlqaZEwsyi6o2Cbfgr3IMUoUbLZoMbNvPf2LApjZtgJASQduFlwUyjaTEAlM/P0dEDMhFPRkFBKcqxlZA6zxpJT4BIBkW+j5UaJjLuWYkHBSO15h4FkzyWB54DgnkUbKAREMSu7ldWDMjuAN0Vo9zR8MEduIjMYsawkTpP1EQbeXOuVjZg+JLLpw3Jt7J0xZm0Y2/AiABBFfHAY/8AZSB4sdKEthUbQrRtCYRjEk972FDPuzB/cvu9QRbZfbIYNhnIoVfJsYS/nHv8/mJkX4XHBAtMLMiK90CGs26BW2efhw8C5/l4UjaPq8hOOjy/TT2JhwytsJsgwUDreCruHCriR2S9RmFbdCbEn9kgUEyeaw+Dgn9K6glHG9NE4Fh2hx3gCKoar4m9BsnOgfcQQF2jc3KTWh49mNh/shkV0/pbUdoEnrtoWTGIWfY3KBh8aKDI0hzWPbojG6BPfvLQwwOR9D6mInMJJcsUxrG0Hv39KHgz0kxPxHNGROy5ITXM8MKfs1+1NinJ7CAxJk1DdNTNiKUg8eacdTNU6Uv7w7ff73JhRL7wLkWw9zctXOBJwTs8m1zMQGeSzqwZCnBxdCYXTb0FXMGXEuYM6PL/ADQFYUtIVCJbFGsLEZliZMDe/wDvN8YqFfBKMzar5tNbmgUvqXWH0OLSTnqV5hUJiWuhMctB7GWTWZcuK3v1OXon4mWNPQNEZgT4aW8RFoXPGUJaFgx6Yk2DEmJilRkJiyNgsHW0WDBqs5YoIg4m7/nIqe9PD8GdGZZuUXETApP7Zfr5BU98W1jUWgMmXGTPX6MQZNiws1mJsTqls2CplhkfzB5jsmFuLsWWs6v0YdKLfAOnaHTLs2FFYuVFBOg6mIiOIhJIREROIhERISF/WMGHb74x/wBHC5Vwfo8IPXqXAe+Z9v8AlBgTLI2kv6Jip5N3XbS0okkupDAFh90P1REitlshNd+yaX+DDAicdx0cHs+/CBEGz2eKhdQ7Te6mSyNSm3+90bZRmzQ4PWrX4cwYQ3m2W+cc7HPq1Ef1EckVjdIYxqIlYJqvbHmYqM2PzugzAnfII2MdBvbhWuIMCaemqMj8KU1/TIeiDrwVjQ4AJ1lifgxIahk/l0RwR2hYser0FEA/t6tlGboCJQyOsrZgCGJ2T4BlR+eHHp0SFkxJ2dEiQxHJ0j3dsUY0M7WsvoQcmqHp/sclS/2Issi3IIZ7ubMEhZZCMOiP7DGyaQoTQjM3mTUibCIjIiRDhXQdVK9f6tBE70d3w9uBC0WPdTdHwCAd+vfLXNDck8d64PKZBA1r9anQ0D+8WM4FDPlEt7ICwl+9xe1P8sIGZQPezaSGbFNpMCIjNQ0JxRJZ+vFAtC9+b6ePgOgZbYZAoQ12ZtbHA6oh4xX1tBQW3legwi+ELLUEVzWMaqYc58j9AS9n2GkQbQmTANI4raVYpvBGZJjznGdz/W3Vhh5LI7Hdng0jykyO8R+tQwpTsOY4Z2i0PFAoCdbYtUz0erqRMm48JOtRg0fQYYWzl1EBmWNkfEMRW5CBuuDSv4Hny2P3egQAYQTgqRBImsmonxl4QhEDCYuTi2JDIA5i/sFCm5w6CKgQQAC7ocTt3+XIVXvJcNOAvN1NMgWIE/m4VJyuDyjwIs9mdpoLCjy342cS8ezQxmMeqtjjchg2/wAofBbHJcDITKxIzEZGjzjRpkpMIMjQ2cGMlQojYg8g9y4/v4TQHmsX0FCBFJsyhB7kpb1toG6zhkDNcBmRZl7+MHAttJS9myWJX5u6AWWO7yFkliLoozywRbCb7NssQY4Xa5T39CLCJ/fpTqIBJs21Ruw6AUGrb9daBopvLsROHcHyaRxIEWr0ncah4vYYq4TJaaWzMIOd87tTHsz5hHpBA1PdsgE1NpLp1NNCQoTZTSYVDNppjVCP5RHN17CM09pwqqhAESh0HRmTXmRqRvIjQyNyGMO30Wcs1hNniwaQEQssBVWG64GpZf1Z7ey8Bh2+joSMn094jjcVD6fvXaaDovt7rinAP2je4EOgfo2Yix2+cMSgYxPdt0IGS3112DheLo06N/wu/wAQ+CcVEbjVZpv7CKZ30jMmmTjNQibRm0/FntzbxhBwsD582Ws6v02Z2mZYjKifOOGUQcQ4YU99rE8f2/SDTBlHwZYL6GgjsUfokC+GVOHzFs91VKIvoGXfdZfsRiCtlBK0FCIHQ0ztzUHZ9l7UxyH238VSCgrHeInRNUqz4CAv66t4emXE5hraML4ZwK6/gaDq+ERjRmz5rErcMiF2cFJSZrq4JJW6QyYUwlJSrsyNtz8LI5DIuRggRCNGoZEbyIEjtUhkOyMjxSJwUZHi+gszHB3alGRrGpkSsUKyA1pmSM2kxiKpEN6GUn92OmH1m8OJLV0WYNqwhZElH87Go5VHm4mD4OdzMs6BE6bZ+pjFdYRh9YLPbm3jA9YfkHnQVuP8If5His6PMhmhvU1wNCseSE400kNTJGoRsgcSHkYs5ZrCbA9n3/KVMksu6IIALKOgNWZUigfOfH4kkyMm5lg8E2FzdlkrRYbovexmxNkTExmX0XI/Gfpqk7IblhOaW2lWRFnFk66ZkCJRM3oymYMHVyP3UUAhWP8AuIUb0WX7Qe+ivJuMdwSlRa/ubWgztY1wFDPuzDII/YtpEGfazYeD0BhrMxsIZ8FbpGOUxg1ZF/DuuzaRYRkRmisM0NVYaGRMWqys5MSyIilUxfAf3D+FgxTrahBhCH0xDOef1RAX7N9oCOOlLQ14GoZhhtTyix+QJXcAjQZMKJJGAVlZ2NydEamEN+sPtKCpO/2JO0aStFJ3b1QPktyH9FbgTTxvS1BCZNpn3H+ujokTnJviz29t4eEU0Pwf6iSkZjE0jI2GSKRkbyWAYcwApSkpKRNEBSJUyB9jLJrMuXyW5D+jGEP8HkytMmSdAK4fkVmZESmjCUyJrFMii1xOY/PFz44+h9HBqpyFkav3LJKKLBtlywVa6ubswWbbtJPLvpXXobBiGYSZlZCyYC1yJW55MkQdVJvRrAYMR3mEaChMm2n1gotHlWyuq9HYXo9RuUyP2swhnUbqRFxtH+iHTRWEgkzUiMxOasGLNRzmLIlNhZwN6Gauc+f4s9ubeOpGQtZgiGTjxerBLXZ7UTIOwVXQgquhCJL7XfNjGBpcrjx39zCkYxvV0JwzL5A6OxEyUc9zcPQMmZiuGr4ghlC0zNmr1Eywke+Rb24ehscafWSabzYjNXIMhk1lv8Pcuf7h8r6g+p1PFKVScRiNCMM1ERmDTRmoEgGeREgiKxQ8C245TKU3AhWXVdZToHgnAjMjxRFaHhnkTs7kTHDWcNhEsHEMBDC+EatWzDGEQsdbCc3VVBGVTRimiobFIRqSmgJt4btISRKqQsDoFaZNJAV+tjhqTzIdg4icZnggii5L5qyEv9Y7IGPHOdiZiWQzHrFn3ElEhO+O8Q2qano+sPozHrLbPcZEW/CWwiBqUvQTCkzTdhgyfkJTjFroE55f25l0D7AIlk6hlHNFmX8WcM0hJgs5brGbQkHsAlhVmZIrCR6uIyMmHYN7ehvCg2+PZw0WGJLZ6GYeyz3vRoaR0SXtuRiJOGXPseiOuX6Ik5S6ms5CpPrRtKZSBy+43zuJdr+B4jbeWNfBfDreiS3DmXXk8y48xu2ad7YeHs+wwhQxZ7ts2+UU0MGfEWFizEJSYkEZDTQqCLFgzIyNxkMEUyMyMwweLV1T2a6uQxaBZazq/TwQg91T23Fg3BcBCezJMHcmbXOQzHoEjWYp24KDVKYk9/6CqgUdXxLbOtLNdIcAwXleCFlw0pZrYwPQ+GlQKHMhVmSQsh9JiITPvA1HHO3GuoMcHB8GJOapUnlmMwzSOfHCuGpvssyhKAvZXGs0DRHrInMz7wgM0Udm7hWo8Zp5tJFcfv6E139DG39eEJKqE05ESZlAzI0ZqUxBiKHtKkMYqcnMuv4Wct1jNviz29t4ISwuH7iy1X7RT0UNSyus+6hoG/eweTnJ+uzEaKtq1yyGwuDUt+qDstx1iVlUMZb/ALmgcCtjCpP4/bApIyrAyQevtXUfAWcM0hJgeyLgv8LPb23h9GvUXwHsZZsbnwHCwPkWWs6v0cPAuQwj1ahx7BBXzW6spTWlM2JN7f4wg8WJ8DRLquHERovqS6HNsA9n2FkBomn45UBvqQ/rwRasp8c0ESfLnyoJiVr0twH0NRMMWqxpipMyxlitCGA7tmjIlqIR424s6QGpPillWMAZYfxDOGg5IydyzcDLipuasZBjJyGxKm+s7d+nuppwxyTNNi+eiFnt7bwYjNb3i0lBJCnD1kc3Swhh8Is+w+WPf9fVueD2hlJNX5J6MWH3U/VEUyg1bJhDsF1s8xeeZHtyQzBSnSEYNCFrezNzUKOQeUz9s1bmNiuBs3b1AYFK8cmTISJs1vGGoi2x2QyDa88ZNC/qMXVWJ0GCzxbpKH8PcuRd3m2yETI/w+OSEP8ACPw9jLNjc+I0+bF6yX0HOVSpBIuBFsl9s/Cq6kMIGUxO3kwaoa3irHBxXMk94TBfw4zaxawaZmRExpmaPNR1RGLAm8jFBq0ROCp7FQDIoFnivAyIn88smW+JhClNApOoqkrypKIiWXhWEVegYDin+ZQmHEAZ2cIcA5BWqnXVGIHAhOhhiJkyEF5dgMTWjsVj+eP0zZcl0waXexNLEsxh8LPbmXiHMugdz7MR/wANS5KmqPoiQQOyY2fpefCTu1fTOmCo3W0arwsXDSm3YZsVCSBFgqBhGLnOxQBKyEipCLP0KCkR8XskGFPGkY7jY91G52/IegpZ7XCuWIacushAkSDXE+AiC5XPdpNMwhI1N8758Qg5z58PcuBhA9n3/KPyjCHystG3i4W3qXwYQe5cDIuEfCSNWRmKk4qbj1uAIMe9LZHZAqR5hzZHAqaCcFMwRUs39BCVmNqBxEdrqalgQUDc0Q4E1qJ8DSUw0uJsf0fpFbkmJTD2rpNbNkG+i0OA5DTSCU2DSFhiYcgwhBvDsHPRUGREBfAYFPm7ohFNTHINjetXQVQZyS5k3iHiz25l4+xtm1ufAd3AHyx7F9fGPf542Hl8UywXEWe3tvDZlLQkLJKgw4S6fG6tfGy1nV+mgNvHKAVDq8oUC3m2Jje/fF7UfURJ2JqVvFkjX0X40QLhziPn0Hjv3KMO49wfd5vNqcY3AjZJGjcnBm3MARbJfbMR4aRRKLGlv/MWtnr3s8VMW+7ZNn8ehtmxufEjfdDOUJ/zZazq/T2Ms2Nz4qFv7Dh4FyIQRTUxZaNvEPtCbiwthhB4DYv2JveAUjj1c2FlQCFNVuSJwzIOIjyJqavxfPElxJjjO0yFo4RlX52BDVy0EAdY367AxigJ9cnOEBAiAZLcQdxcSeCeCGTbz29DN302YOWDwRbZ/LLxGHoZZtbnw5z58ehlm1ufEgsnnpiN76DmXXhoTNF0V1VWKigtnK9eLLWdX6IVhb3cxUTcPWJXMfFD3RchsVk2POWZhySFW/CslCEpxCbu18GDkAoD8+hwJlc4JtMYLnpfkQimpjNObHOvMERd86GpCMxZkisi4GMMrz5aQfCJ5saUUYUWM/p7lx4h/hD/AGstZ1foHCwPkOHgXPj0Ns2Nz4wCYz48Nr3fPIx4FbBSeRhpLiPQJxMi94VkPE0jcjVSe1hkak43qRkUxRh2zMptjNSBGVeibyMZ0xSVflLIOJHzi5CAWoyHbdQdJVU5pGYow5CgLVyBhJ8c1UL4HYucGHzBJ4s1YN+Es9iPTOArs5l25EcvwU9i9iB7lg76Yf8AzwqZrnMnzbgLCdBzmN3Ns3iNw1Ptf4SIo5kz1STj9+GjstnuloHFUoZo3D8HIRMRndwFneyzeYec7uFDXU0n8bBai8QkXvOP3MZQIkkih+TDBPZOucBkqQ3v0cVV8/TFnY2RStzXAvC6JJBEno1deQaH1Ja2YYtgbVjSzZHny+WPf8PZ9g0v13pD+4wcPAuRZazq/Sy0lR2rhYHz5jDGCwgddd4L4o7hYyJhvJZGxUM0aDJFGZCIFTQpokioJSMzumlcQTOUIhRQjUzIzIw1B47ODJuiGFQUVy3mHEeqJg2UKzECewX5uYLAsJ726giZ2dLMJdxIwgEwsfLUZOeF/b/owhUDHvjDVkmNIyZYEwNOJliLmE0O76DSYUTRz8HvEIYz5EZkGmkRJE02EREqPPx2RGLfw81tme6QFQbmcrzmEEe3rvoqLMMmaGw9CLhsV8bMpaEhZJUQLu58BPtvr1o4GGyeWv7iW4Qq8bXXCQMbV5wOa+mg+V3FM91suhs3c2j9E/Y+MpXVwI3pYGx0O5iyKPWk0UsS4sbnCDBY1fNj5C0lXdYLQZzeCVFPWxn0gc5NuTSaxcNv7gCJir282RDEWwvh4mjQ4WB8i7v7cPAufEfhjLm4j5M8MvEfg9n2EBbipJr5VXUvBvBUyZ2ElohKaqQfCiX2gMy8qWfbQ9d+0s4CTeRvc0kI51KCGCJuCVEgQRAZlRjeR43exSNSYoMdhmUeaI6bYoRIpoRDOHAEwWHOEzeZhGCpKI0oMZDIZkZCMSrExSskOKipGZm1IIpmasM3i80iGhmgRGaKwhKZkRkRg4taapQ0gslNHMCMzJ/JYx36gijlnjjHYn+NTOyTVKicJnE0wcPgtkiYHBW64TaqhdliTK07DhYHyLJ/u8A5Wi1hZDdXtrnNs4xyJwbJD0yGSVlO5ZA6poyG6pjJUkejSlIREbTJybQGBiDJITkN8DBeM3mMYWwJeEeCYRE8EjDGmrlIziRWIZMxYuLXZVFsIMBa0TRE8mm6JIxrXEGDCMBnI5pVzFIKSGhYpibGWrxaIZZ1a+KlZawUyTsWh1fZ4MCHKak1y0fmnlzLoHuXPl8sew9n2DhYHz/oimp/w4eBc+Ozs1W4sFhEq67xXyiP+pkpFN7ZMXBoe8xUayEqjU1Mpo1FQjQgaD4CSabMCxDCMF4zVyEhptJphvzA2jOptOI9thP8i6a1IoQlArKChQOVhJeoYAt/0pIsRDJSgZEZG8iEZIZEhmg72Iuxah4svwVuc4w1DlwVD3mMTUdewazSTw8nHqZRGNEr7TLISBBuSQzBECdsvFcRADbFPTRzx6JkEtj8xjBu8Tm6CGDgvA26+mA/tr0mZTEBLcrP9EQVMUCz4eGmoyEyL/onTElCL2B5yCnDkDQZivUlkjAGFHTTwhEESBGaNJNDCIEQ1wmWRQZlOAkCwjU9P0P5VA41qM38jEmIveVmOwhJq9sI7kH0IfIJkKA4TD89N2FEnytLjE1GBP13uFRoMa88nxsQ5N/K6hzLr+kRLghroDQLlg53wOlh1/hi0DFo8YtH8+xtkxmXNnDNISYIfCzhukZN8KrMWkZEZEZm2BGrIobQ0ueAyiL5uQiMiiaBAcjXF7ezWsZ/ATGPi9hP49Cxr3+4ghO4EUL1zLfsGL3MSZLmZ+yOIumCBujclCgwyIF9awFCVhBkxlbEFA2SD2wjbuHpkNPBN/oMyM7VTrMYEiSPo5LUUICwvpZqPqeAIY5EGBgLBLg6AND8GcjuYXvy2DG2BCMDRsxgQjCGuRVwHFMql5RH6UIDPZjoACDaHWooTpyKidIlAWDtKKJhMYE8xncWoNqbD4PxVC0fCE6LVxj0T5HMX0EBSDG9YEEGsjIz4xSY12lsOqPUlVBiBgmZcsWRBWhW+haJ/c8HA7I/XLsvDmXXhWalw7ziHMuvB7lyMYHuX8wh3cF/EWD+uzs1W4sFTLqyCwnQc5jdzbPCGQ54zLsYQdRSFKVDN0TY80M2hCeNbESh7GCsqn+yFjKFphHgaEI/FboCOOY09b4aZwYl4wCIIxd4SCFgRLUnTgiV3CwKESUNzNWkT0Ypk0lFZ7ipxthkOIZmQgEra1SXiIqmxcJ7JKEy5ArFWYK+RhQCgS9ObH2HkZPaIUjiKAZDk+m5cQ4iys9wLLcQoInqY6C1ijIM6hRz3Yqj4SSK0M8gpYG4BL6x5TcnFRJ2qIMaMGYIpJZDgsU3ts+JMJmKP7GEAZO5KMNOjFScrtzXsNtBElepUpA4iwYEbcLJ5BhKOm01aGD5UfKkYvGeVG11DS/s4tjuNCGzKgVEvT7JY1BCHMue69GWSzvQ2hejG5pC2sl4cy6D2Msmsy5j8Iw4iD2fYWZfzFg8dXBjS73JhYFmMGoWWs6v0cJR9T2a+uf86GsvrIpT+MCnzd0QabXYUM5ryM2sOahQNdqGMxRB8HXSlDG5N2bv9vcLddab1cEVZWjQ+WPYqbl7Ck1OZpC9wohuyN3ouRUyctHYPtDSBTeRjMiUMYamYzNTM1OJKIAFzcUFQaDEZ8uhuJEnX97Co/8ArU1trsOhmbMKtcd/P1QZ7BJfx7SYtA7KCiRFVbWyqZKg0FTH79h0zBwju1DiZa9EzTCkQM2RG5GTNSFkYD08GRkq4GLOXgiOhXHucYLWlhERCdMay94PiDGljRYuNnDpzfh8Z7CgmLETJxyQRbUsS7U5Dl/WbtZwFmCJZRkbngj8a3biTzoaWRFJymylRsGOCOK6SDqqbQjJqZXIUMkykT5Nx/iDEHlxD2fYYf4IrYvldKJ56uD84wxhjDH4Q+VlpKjtUU0MNhupMIq0ieZ5TeRMYYlaIKrF9mFY64mkz10lMg0vSO0NeQ9PdFUfaKPgFE71hiGARJs34WRlAb5ckR8oYQESm+smQjvESQy8yr2HM2DVtlsDA5msJGfxiT+GrsQI5ox7agiNQ+g1sgaL5JRbApmHFZzHo0cMkSK2ABY5rHEQJxvcKPR4yLlZ3MMJn5ZufsVFRXII9Q0mqa/nDw6kh7IDMOqajmkA1irS3usAgLYPzfNgsLEJlY2aos1fsboMCAnlsDaYOSjDubIDJtZCb7YwYD7pcUi0eh/65YGMiUu4ta1FmOCY2NdcqDki7nMQH8dOGo+M8X/szgP0bRbQweCKFMxmqNMyeyEcv4ePEuPMWfYfLHvxD5YtHmy0lR2v9YwRTQwimhhUi0ew/uX3eoiDCgZ2r0cxDYOyIP2JXGihgRKtbjVyiQ8WzQk5nIlLwnCsA4FDTqmqXB4mMMy9tb2CNZZORpOc+JDf1Mn6IRYmtXIkVx5cbBMXM1bJzAVctP8AZBxPWynHLuQkZpBjcfbcoEcUogVWsUqMqBWZO0d+mVldXyVUbqTpGozJjLNWE4jMhCd0sO2fSNaHTeZhxdYOzYLCwce1egsW0X5uKAUipFv6YPzNDNXiZDzFrKBtCzqMwVFkXVQRcx+k505NkAamrLlDBVUrslPUQ4F0F1xxa8WSb6kCL8BMzXnkbw10d90YMUv3FeSHIeP7iuQs0fBtWiBbyyhFaNDk26HEi96knQytoOlq1blKZe8YMPg9jbNrc+PDrEexlk1mXPZD/g7OyRLi0YdvoqAr4pSVCQzi1DKJA4zSVlI1CU3KaNOBEwmkLSK/cpBkP6SVvBkZM1XC6CB5qOw555PsxYFWaaQ4YehM8rYcYCAYpP7n+AmJQsvpWrrJZ3vETGyzj67gWnJcEqCI7YoIuX4KFoGfUY6jcAUK/wAIey6+GmMzVhZ6IS0JDpjZcEIZ4Ma7MYUFq4PxZUgTkgFRcUZZscHkSkZ4/lA0NXoFU82NEyYkmLaUJcuicS20pCT6KxPmVYhAetOK07aVyjaNd8kxmfxcwZ2VPImudhgZigYiS2v9HohP/diaKACnTyxwkECbTXCegI25K2OEfY7E32SSTabRTwwnH6gvRBtKYjNOuZE1x0FBKUlS+ryGBumYKIzabWqf8R+ViuXR5DGBi0c91tZBaBpfrvSAiwfxi0fxjDGGPw7OyRLi3wZGSGtmLaRJsUBt5axCDMyCsUZsY1TeZgyxJO0Nj+cCjEniltcRJMNfRaiSvpycfTpqiVxiUzMWFyZZmwPTO1v7KCGCWG+8DGpUuyZrJqjg1TwlEqkDVlyhcGzEg5dnxtgKP77mTbTMiIzQqEZsYSsCjJVJrWmhkUWPIrKVYS6lEGRm+zqb4VEwZCW2zRqxDdUOrn0cGgskSSJKowGTiNjlN8olMrQPtuAaFadaAitRyO13IQJRQ5nb2vdAGh3rN7P9GBPEey5MdEAiGmAxI1GwxICy9IvrRH3FrOWc3sRe7KXQgHaX2jTGhYvaaBxKFjp3k4NJTcnBXlvsYvjDNvIYHliVS7DFkRRO0MgeKqmhWtJEJp0aY6GfpAwBmeuB5zBkFxGZuJt5jGGMHjxLgR/ywgxalHXhUBltn8sgZbJfbMIpoYh/wRhh2++FnmVVaMW4m1dyP2JjJqgRERNOBCIiakEQhMIEVnOr6gid2+nzMPJ4Yof1pENS0U4oZG38UTLTR7pFtbh7JFxPlw/AttH1DEam9m1rpxcGVfb19WDh7UPFHDclGv6r4k0fCqG4dgvdZuC53myoRSa9EKkEmQagFbly4aZoQVe9vpVfWreSW14dvUTC32T0hmMxj6NGTFps7mVByhGRaWihpNhsGnIxiFuPBrPIx2vKGNtMBvNXl7YQ9lbJImXuYxiN2BruYsCJrldqOy6rjtzxGvEjiGdurgEJhOgbPAdQ00IXS/qB61Er7ZOI5C0j6xzFF1PPKiWwWXWZrsggF5pgyKO4QKSrXLR8QZU1JCOuhaMFbx7UfURk3Q2mFARu+MHBmjlYty6cfmoe3sYNXn0Ms2tz4wgs9vbeHjDt9GMMYYwwbBFNDGMMfgxg5z58WLmV1JhQLGZbmMwQyJW/tARwOd3Vw9kz5qjnYh/MO8ntN9BYTWT84zFGbS5JnYkGSwrif4TBiPnzF+IeVrVdxFn5GybDuYmRm3DCzoPZMChDXAHRltu6FJzDIpg17XbDNFa0dM5V8aS1GZXeOQQtM7bu8FbcHpD0hZcfrC3MH6A1tnghtdJNsySJjckukPoMCA1/V/BZAdJ28UDxNhbxmRkWZKH0dRKTb/XoKkKdsWSzCkyWY2MeS0CkYblUly3OgyJNYVCzHFkXX1tBZLFp5H2HK8/HtZ1IVFotw+57ZuRltnsDscxjn2wi/uoJqqMY4ghhCnBCQ2P9wUMF2TKiNrSYZHBDQyxYNXOapjN2okn1wkcDVmGwCKOQnrcgc1FKsGwn3QWWrLw8QYvEWAdkcR6GWTGZciy1beGHb6MO30Y/6MO33+HA9U2R6kobCkSpmRxmbQZoSmjTOpmajgvo4uPgIiX9afHkENL3+rBWseEanXPVcHDMM8Eaq7BwfP3Qmj4m5W11RqGYPfvUQJ9lDs3tVoeVitRup3KYSIwPSznuLBjs5rieqAjc+8VDPAkSkTT2krCMw3EbgbNEzUm2EjUyIiJhONCJTXypsu8HKTXPCzen4EX4HnWpEeSlrEZmrfp9E8MJ9E9e9BGdJMEvBWCYC+Byge4MHW/E7cgRkY/rJPgNiYa5fIoB3GeTsmjQ+uUyeTfxEx7cxx/Qh0cT6TtHtHsk17Sb93FzNS3fm2SgjZcSiZmfjr5w9nt7YmFN2safVGQeT3tFUyUuxeWIRiPNOxpu1POhhCBGjDIojzKSkr0M4Ds3hBQ+0gj2ONINxYR2gGgt5mSYZkGnRI0JiUmwo14rbF6BjXP36LzFgErekZnXd4rbF6FUED4e/VqYMY2JllcX+Yf5R/whA0EgqgMsRKpjNCUxBn4ZTI50LwZLJHluihouPQJ2enwOAtzUESp6KWO4fZAyac2LD0EQFS1CJQM2GZVoKRySIG0zWTKBEpFrc5CaEX9tLUewzSIquRHEUxooDKRnIRdZE0TsiIPSedn6E2sgdNRnMRHfcRCuHpHAgmBDTJ+ByqCyLHRnFHuB8zzvO0/BNgfihOOpQwBHcFYacs1Qt0iUF4imBIuVxnUxAxmlpNruErNyoZExjNmqDYxt0w0jFYUEBOgx5PRyFVsnwiigmS02yJGojGkbGmwHzKtVfSppWo/QpRSMtgXOGjTEVAdMHWx1WqRwRzB//9k=',700,'gdsdfgfg',14);
/*!40000 ALTER TABLE `companyEvent` ENABLE KEYS */;
UNLOCK TABLES;

--
-- Table structure for table `department`
--

DROP TABLE IF EXISTS `department`;
/*!40101 SET @saved_cs_client     = @@character_set_client */;
/*!40101 SET character_set_client = utf8 */;
CREATE TABLE `department` (
  `id` bigint(20) NOT NULL AUTO_INCREMENT,
  `chartId` bigint(20) DEFAULT NULL,
  `color` varchar(255) DEFAULT NULL,
  `isParentEmployee` bit(1) NOT NULL,
  `isSecondParentEmployee` bit(1) NOT NULL,
  `name` varchar(255) DEFAULT NULL,
  `parentId` bigint(20) DEFAULT NULL,
  `secondParentId` bigint(20) DEFAULT NULL,
  `companyID` bigint(20) DEFAULT NULL,
  PRIMARY KEY (`id`),
  UNIQUE KEY `UK_r07pdj553uygormricp8jxrib` (`name`,`companyID`),
  KEY `FK_1w5d87walanje5ehic0nd3aqe` (`companyID`),
  CONSTRAINT `FK_1w5d87walanje5ehic0nd3aqe` FOREIGN KEY (`companyID`) REFERENCES `company` (`id`)
) ENGINE=InnoDB AUTO_INCREMENT=15 DEFAULT CHARSET=utf8;
/*!40101 SET character_set_client = @saved_cs_client */;

--
-- Dumping data for table `department`
--

LOCK TABLES `department` WRITE;
/*!40000 ALTER TABLE `department` DISABLE KEYS */;
INSERT INTO `department` VALUES (1,53,'darkblue','','\0','Sales & Business Development',3,NULL,1),(2,54,'darkblue','','\0','Technical',3,NULL,1),(3,55,'darkblue','','\0','System Integration',3,NULL,1),(4,56,'darkblue','','\0','Projects',3,NULL,1),(5,57,'darkblue','','\0','Operation & Maintenance',3,NULL,1),(6,58,'darkblue','','\0','Civil',3,NULL,1),(7,59,'cordovan','','\0','Accounting',4,NULL,1),(8,60,'cordovan','','\0','Procurement',4,NULL,1),(9,61,'cordovan','','\0','Administration & Human Resources',4,NULL,1),(10,62,'cordovan','','\0','Logistic',4,NULL,1),(11,63,'cordovan','','\0','Quality, Health, Safety, Environment',4,NULL,1),(12,64,'cordovan','','\0','Marketing',4,NULL,1),(13,65,'darkblue','','\0','Tunnel Control Room Operation',18,NULL,1),(14,66,'darkblue','','\0','Tunnel System Maintenance',18,NULL,1);
/*!40000 ALTER TABLE `department` ENABLE KEYS */;
UNLOCK TABLES;

--
-- Table structure for table `employee`
--

DROP TABLE IF EXISTS `employee`;
/*!40101 SET @saved_cs_client     = @@character_set_client */;
/*!40101 SET character_set_client = utf8 */;
CREATE TABLE `employee` (
  `id` bigint(20) NOT NULL AUTO_INCREMENT,
  `address` varchar(255) DEFAULT NULL,
  `chartId` bigint(20) DEFAULT NULL,
  `color` varchar(255) DEFAULT NULL,
  `employeeNumber` varchar(255) DEFAULT NULL,
  `familyName` varchar(255) DEFAULT NULL,
  `healthCardID` varchar(255) DEFAULT NULL,
  `isFinanceLeaveManager` bit(1) NOT NULL,
  `isHRLeaveManager` bit(1) NOT NULL,
  `isLeaveManager` bit(1) NOT NULL,
  `isParentEmployee` bit(1) NOT NULL,
  `isSecondParentEmployee` bit(1) NOT NULL,
  `isTicketLeaveManager` bit(1) NOT NULL,
  `name` varchar(255) DEFAULT NULL,
  `officePhoneNumber` varchar(255) DEFAULT NULL,
  `parentId` bigint(20) DEFAULT NULL,
  `personalPhoneNumber1` varchar(255) DEFAULT NULL,
  `personalPhoneNumber2` varchar(255) DEFAULT NULL,
  `qatarID` varchar(255) DEFAULT NULL,
  `HRleaveManagerID` bigint(20) DEFAULT NULL,
  `departmentID` bigint(20) DEFAULT NULL,
  `financeLeaveManagerID` bigint(20) DEFAULT NULL,
  `leaveManagerID` bigint(20) DEFAULT NULL,
  `roleID` bigint(20) DEFAULT NULL,
  `ticketLeaveManagerID` bigint(20) DEFAULT NULL,
  `secondParentId` bigint(20) DEFAULT NULL,
  `mail1` varchar(255) DEFAULT NULL,
  `mail2` varchar(255) DEFAULT NULL,
  `mail3` varchar(255) DEFAULT NULL,
  `image` varchar(255) DEFAULT NULL,
  `nationality` varchar(255) DEFAULT NULL,
  PRIMARY KEY (`id`),
  UNIQUE KEY `UK_8nk52v96m3vshth9jgv9tfv3l` (`employeeNumber`),
  KEY `FK_o876ru7k85i5xijxsbg2ynqkl` (`HRleaveManagerID`),
  KEY `FK_scjgbmv5vkj0ffdlggfjw8112` (`departmentID`),
  KEY `FK_lfxpyvgbmwinghohj2pfsnbxw` (`financeLeaveManagerID`),
  KEY `FK_1o8k2yx8rsycay44fid73jtu4` (`leaveManagerID`),
  KEY `FK_stptpn8qlpyqt7khjd9rk29bg` (`roleID`),
  KEY `FK_a7os78u2g7dgbmf1fy1fg2wy1` (`ticketLeaveManagerID`),
  CONSTRAINT `FK_1o8k2yx8rsycay44fid73jtu4` FOREIGN KEY (`leaveManagerID`) REFERENCES `employee` (`id`),
  CONSTRAINT `FK_a7os78u2g7dgbmf1fy1fg2wy1` FOREIGN KEY (`ticketLeaveManagerID`) REFERENCES `employee` (`id`),
  CONSTRAINT `FK_lfxpyvgbmwinghohj2pfsnbxw` FOREIGN KEY (`financeLeaveManagerID`) REFERENCES `employee` (`id`),
  CONSTRAINT `FK_o876ru7k85i5xijxsbg2ynqkl` FOREIGN KEY (`HRleaveManagerID`) REFERENCES `employee` (`id`),
  CONSTRAINT `FK_scjgbmv5vkj0ffdlggfjw8112` FOREIGN KEY (`departmentID`) REFERENCES `department` (`id`),
  CONSTRAINT `FK_stptpn8qlpyqt7khjd9rk29bg` FOREIGN KEY (`roleID`) REFERENCES `role` (`id`)
) ENGINE=InnoDB AUTO_INCREMENT=55 DEFAULT CHARSET=utf8;
/*!40101 SET character_set_client = @saved_cs_client */;

--
-- Dumping data for table `employee`
--

LOCK TABLES `employee` WRITE;
/*!40000 ALTER TABLE `employee` DISABLE KEYS */;
INSERT INTO `employee` VALUES (1,'NOADDRESS',1,'darkred','1001','Mikhael','NOHEALTHCARD','\0','\0','\0','\0','\0','\0','Raymond','NOOFFICENUMBER',NULL,'NOPERSONALPHONE1','NOPERSONALPHONE2','NOQATARID',NULL,NULL,NULL,NULL,1,NULL,NULL,'NOEMAIL1','NOEMAIL2','NOEMAIL3',NULL,NULL),(2,'NOADDRESS',2,'darkorange','3001','Chiara','NOHEALTHCARD','\0','\0','\0','','\0','\0','Nicola','NOOFFICENUMBER',1,'NOPERSONALPHONE1','NOPERSONALPHONE2','NOQATARID',NULL,NULL,NULL,NULL,2,NULL,NULL,'NOEMAIL1','NOEMAIL2','NOEMAIL3','chiara.jpg',NULL),(3,'NOADDRESS',3,'darkblue','NOEMPLOYEENUMBER3','Manager','NOHEALTHCARD','\0','\0','','','','\0','General','NOOFFICENUMBER',1,'NOPERSONALPHONE1','NOPERSONALPHONE2','NOQATARID',43,NULL,4,4,4,46,4,'NOEMAIL1','NOEMAIL2','NOEMAIL3',NULL,NULL),(4,'NOADDRESS',4,'cordovan','1003','Khalil','NOHEALTHCARD','','\0','','','\0','\0','Amr','NOOFFICENUMBER',1,'NOPERSONALPHONE1','NOPERSONALPHONE2','NOQATARID',43,NULL,4,3,3,46,NULL,'NOEMAIL1','NOEMAIL2','NOEMAIL3','amr.jpg',NULL),(5,'NOADDRESS',5,'darkorange','3002','Vittone','NOHEALTHCARD','\0','\0','\0','','\0','\0','Omar','NOOFFICENUMBER',2,'NOPERSONALPHONE1','NOPERSONALPHONE2','NOQATARID',NULL,NULL,NULL,2,5,46,NULL,'NOEMAIL1','NOEMAIL2','NOEMAIL3',NULL,NULL),(6,'NOADDRESS',6,'darkblue','NOEMPLOYEENUMBER6','Manager','NOHEALTHCARD','\0','\0','','','\0','\0','Technical','NOOFFICENUMBER',54,'NOPERSONALPHONE1','NOPERSONALPHONE2','NOQATARID',43,2,4,3,6,46,NULL,'NOEMAIL1','NOEMAIL2','NOEMAIL3',NULL,NULL),(7,'NOADDRESS',7,'darkblue','NOEMPLOYEENUMBER7','Tamil','NOHEALTHCARD','\0','\0','\0','','\0','\0','Dinakaran','NOOFFICENUMBER',6,'NOPERSONALPHONE1','NOPERSONALPHONE2','NOQATARID',43,2,4,6,8,46,NULL,'NOEMAIL1','NOEMAIL2','NOEMAIL3','dinakaran.jpg',NULL),(8,'NOADDRESS',8,'darkblue','1018','Babu','NOHEALTHCARD','\0','\0','\0','','\0','\0','Vignesh M.','NOOFFICENUMBER',6,'NOPERSONALPHONE1','NOPERSONALPHONE2','NOQATARID',43,2,4,6,9,46,NULL,'NOEMAIL1','NOEMAIL2','NOEMAIL3','vignesh.jpg',NULL),(9,'NOADDRESS',9,'darkblue','1012','Antony','NOHEALTHCARD','\0','\0','\0','','\0','\0','Benson','NOOFFICENUMBER',6,'NOPERSONALPHONE1','NOPERSONALPHONE2','NOQATARID',43,2,4,6,8,46,NULL,'NOEMAIL1','NOEMAIL2','NOEMAIL3','benson.jpg',NULL),(10,'NOADDRESS',10,'darkblue','2004','Bonaventura','NOHEALTHCARD','\0','\0','\0','','\0','\0','DanyR.','NOOFFICENUMBER',6,'NOPERSONALPHONE1','NOPERSONALPHONE2','NOQATARID',43,2,4,6,10,46,NULL,'NOEMAIL1','NOEMAIL2','NOEMAIL3','dany.jpg',NULL),(11,'NOADDRESS',11,'darkblue','1010','Kannoth','NOHEALTHCARD','\0','\0','\0','','\0','\0','Junais','NOOFFICENUMBER',6,'NOPERSONALPHONE1','NOPERSONALPHONE2','NOQATARID',43,2,4,6,11,46,NULL,'NOEMAIL1','NOEMAIL2','NOEMAIL3','junais.jpg',NULL),(12,'NOADDRESS',12,'darkblue','1015','Sayeed','NOHEALTHCARD','\0','\0','\0','','\0','\0','Mahmad','NOOFFICENUMBER',6,'NOPERSONALPHONE1','NOPERSONALPHONE2','NOQATARID',43,2,4,6,11,46,NULL,'NOEMAIL1','NOEMAIL2','NOEMAIL3','sayeed.jpg',NULL),(13,'NOADDRESS',13,'darkblue','NOEMPLOYEENUMBER13','Rammal','NOHEALTHCARD','\0','\0','\0','','\0','\0','Jad','NOOFFICENUMBER',66,'NOPERSONALPHONE1','NOPERSONALPHONE2','NOQATARID',43,14,4,18,20,46,NULL,'NOEMAIL1','NOEMAIL2','NOEMAIL3','jad.jpg',NULL),(14,'NOADDRESS',14,'darkblue','1006','Shatti','NOHEALTHCARD','\0','\0','','\0','\0','\0','Hadi A.','NOOFFICENUMBER',55,'NOPERSONALPHONE1','NOPERSONALPHONE2','NOQATARID',43,3,4,3,13,46,NULL,'NOEMAIL1','NOEMAIL2','NOEMAIL3','hadi.jpg',NULL),(15,'NOADDRESS',15,'darkblue','2021','Ahmad','NOHEALTHCARD','\0','\0','\0','','\0','\0','Tanveer','NOOFFICENUMBER',14,'NOPERSONALPHONE1','NOPERSONALPHONE2','NOQATARID',43,3,4,14,14,46,NULL,'NOEMAIL1','NOEMAIL2','NOEMAIL3','tanveer.jpg',NULL),(16,'NOADDRESS',16,'darkblue','NOEMPLOYEENUMBER16','Manager','NOHEALTHCARD','\0','\0','','\0','\0','\0','Project','NOOFFICENUMBER',56,'NOPERSONALPHONE1','NOPERSONALPHONE2','NOQATARID',43,4,4,3,15,46,NULL,'NOEMAIL1','NOEMAIL2','NOEMAIL3',NULL,NULL),(17,'NOADDRESS',17,'darkblue','2020','Sarjoon','NOHEALTHCARD','\0','\0','\0','','\0','\0','Mohammad','NOOFFICENUMBER',16,'NOPERSONALPHONE1','NOPERSONALPHONE2','NOQATARID',43,4,4,16,16,46,NULL,'NOEMAIL1','NOEMAIL2','NOEMAIL3','sarjoon.jpg',NULL),(18,'NOADDRESS',18,'darkblue','1009','Azzi','NOHEALTHCARD','\0','\0','','\0','\0','\0','Salim','NOOFFICENUMBER',57,'NOPERSONALPHONE1','NOPERSONALPHONE2','NOQATARID',43,5,4,3,17,46,NULL,'NOEMAIL1','NOEMAIL2','NOEMAIL3','salim.jpg',NULL),(19,'NOADDRESS',19,'darkblue','2010','Salah','NOHEALTHCARD','\0','\0','\0','','\0','\0','Ahmad','NOOFFICENUMBER',65,'NOPERSONALPHONE1','NOPERSONALPHONE2','NOQATARID',43,13,4,18,18,46,NULL,'NOEMAIL1','NOEMAIL2','NOEMAIL3','salah.jpg',NULL),(20,'NOADDRESS',20,'darkblue','2011','Usama','NOHEALTHCARD','\0','\0','\0','','\0','\0','Mohammad','NOOFFICENUMBER',65,'NOPERSONALPHONE1','NOPERSONALPHONE2','NOQATARID',43,13,4,18,18,46,NULL,'NOEMAIL1','NOEMAIL2','NOEMAIL3','usama.jpg',NULL),(21,'NOADDRESS',21,'darkblue','NOEMPLOYEENUMBER21','Basian','NOHEALTHCARD','\0','\0','\0','','\0','\0','Tambi','NOOFFICENUMBER',65,'NOPERSONALPHONE1','NOPERSONALPHONE2','NOQATARID',43,13,4,18,19,46,NULL,'NOEMAIL1','NOEMAIL2','NOEMAIL3',NULL,NULL),(22,'NOADDRESS',22,'darkblue','NOEMPLOYEENUMBER22','Rafat','NOHEALTHCARD','\0','\0','\0','','\0','\0','Mohammad','NOOFFICENUMBER',65,'NOPERSONALPHONE1','NOPERSONALPHONE2','NOQATARID',43,13,4,18,19,46,NULL,'NOEMAIL1','NOEMAIL2','NOEMAIL3','raafat.jpg',NULL),(23,'NOADDRESS',23,'darkblue','NOEMPLOYEENUMBER23','Al-Khawalda','NOHEALTHCARD','\0','\0','\0','','\0','\0','Ahmad','NOOFFICENUMBER',65,'NOPERSONALPHONE1','NOPERSONALPHONE2','NOQATARID',43,13,4,18,19,46,NULL,'NOEMAIL1','NOEMAIL2','NOEMAIL3','alkhawaldeh.jpg',NULL),(24,'NOADDRESS',24,'darkblue','2014','Darwish','NOHEALTHCARD','\0','\0','\0','','\0','\0','Ismail','NOOFFICENUMBER',65,'NOPERSONALPHONE1','NOPERSONALPHONE2','NOQATARID',43,13,4,18,19,46,NULL,'NOEMAIL1','NOEMAIL2','NOEMAIL3','ismail.jpg',NULL),(25,'NOADDRESS',25,'darkblue','NOEMPLOYEENUMBER25','Hamdauoi','NOHEALTHCARD','\0','\0','\0','','\0','\0','Ahmad','NOOFFICENUMBER',65,'NOPERSONALPHONE1','NOPERSONALPHONE2','NOQATARID',43,13,4,18,19,46,NULL,'NOEMAIL1','NOEMAIL2','NOEMAIL3',NULL,NULL),(26,'NOADDRESS',26,'darkblue','2017','Taleb','NOHEALTHCARD','\0','\0','\0','','\0','\0','Rabeh','NOOFFICENUMBER',65,'NOPERSONALPHONE1','NOPERSONALPHONE2','NOQATARID',43,13,4,18,19,46,NULL,'NOEMAIL1','NOEMAIL2','NOEMAIL3','rabeh.jpg',NULL),(27,'NOADDRESS',27,'darkblue','NOEMPLOYEENUMBER27','Abdel-Rahim','NOHEALTHCARD','\0','\0','\0','','\0','\0','Shadid','NOOFFICENUMBER',65,'NOPERSONALPHONE1','NOPERSONALPHONE2','NOQATARID',43,13,4,18,19,46,NULL,'NOEMAIL1','NOEMAIL2','NOEMAIL3',NULL,NULL),(28,'NOADDRESS',28,'darkblue','NOEMPLOYEENUMBER28','Ali','NOHEALTHCARD','\0','\0','\0','','\0','\0','Aboeleez','NOOFFICENUMBER',65,'NOPERSONALPHONE1','NOPERSONALPHONE2','NOQATARID',43,13,4,18,19,46,NULL,'NOEMAIL1','NOEMAIL2','NOEMAIL3',NULL,NULL),(29,'NOADDRESS',29,'darkblue','1016','Matthew','NOHEALTHCARD','\0','\0','\0','','\0','\0','Sam','NOOFFICENUMBER',66,'NOPERSONALPHONE1','NOPERSONALPHONE2','NOQATARID',43,14,4,18,20,46,NULL,'NOEMAIL1','NOEMAIL2','NOEMAIL3','sam.jpg',NULL),(30,'NOADDRESS',30,'darkblue','2002','Ranees','NOHEALTHCARD','\0','\0','\0','','\0','\0','Mohammad','NOOFFICENUMBER',66,'NOPERSONALPHONE1','NOPERSONALPHONE2','NOQATARID',43,14,4,18,10,46,NULL,'NOEMAIL1','NOEMAIL2','NOEMAIL3','ranees.jpg',NULL),(31,'NOADDRESS',31,'darkblue','2003','Poulose','NOHEALTHCARD','\0','\0','\0','','\0','\0','Shibin','NOOFFICENUMBER',66,'NOPERSONALPHONE1','NOPERSONALPHONE2','NOQATARID',43,14,4,18,21,46,NULL,'NOEMAIL1','NOEMAIL2','NOEMAIL3','shibin.jpg',NULL),(32,'NOADDRESS',32,'darkblue','2001','Fiedacan','NOHEALTHCARD','\0','\0','\0','','\0','\0','Nikko','NOOFFICENUMBER',66,'NOPERSONALPHONE1','NOPERSONALPHONE2','NOQATARID',43,14,4,18,22,46,NULL,'NOEMAIL1','NOEMAIL2','NOEMAIL3','nikko.jpg',NULL),(33,'NOADDRESS',33,'darkblue','NOEMPLOYEENUMBER33','Louil','NOHEALTHCARD','\0','\0','\0','','\0','\0','Jalal','NOOFFICENUMBER',66,'NOPERSONALPHONE1','NOPERSONALPHONE2','NOQATARID',43,14,4,18,22,46,NULL,'NOEMAIL1','NOEMAIL2','NOEMAIL3','jalel.jpg',NULL),(34,'NOADDRESS',34,'darkblue','2009','Ganta','NOHEALTHCARD','\0','\0','\0','','\0','\0','Suman','NOOFFICENUMBER',66,'NOPERSONALPHONE1','NOPERSONALPHONE2','NOQATARID',43,14,4,18,22,46,NULL,'NOEMAIL1','NOEMAIL2','NOEMAIL3','suman.jpg',NULL),(35,'NOADDRESS',35,'darkblue','NOEMPLOYEENUMBER35','Engineer1','NOHEALTHCARD','\0','\0','\0','','\0','\0','Control','NOOFFICENUMBER',66,'NOPERSONALPHONE1','NOPERSONALPHONE2','NOQATARID',43,14,4,18,21,46,NULL,'NOEMAIL1','NOEMAIL2','NOEMAIL3',NULL,NULL),(36,'NOADDRESS',36,'darkblue','NOEMPLOYEENUMBER36','Engineer2','NOHEALTHCARD','\0','\0','\0','','\0','\0','Control','NOOFFICENUMBER',66,'NOPERSONALPHONE1','NOPERSONALPHONE2','NOQATARID',43,14,4,18,21,46,NULL,'NOEMAIL1','NOEMAIL2','NOEMAIL3',NULL,NULL),(37,'NOADDRESS',37,'darkblue','3003','Eida','NOHEALTHCARD','\0','\0','','\0','\0','\0','Nazih','NOOFFICENUMBER',58,'NOPERSONALPHONE1','NOPERSONALPHONE2','NOQATARID',43,6,4,3,23,46,NULL,'NOEMAIL1','NOEMAIL2','NOEMAIL3','nazih.jpg',NULL),(38,'NOADDRESS',38,'darkblue','3004','Drilon','NOHEALTHCARD','\0','\0','\0','','\0','\0','Rod','NOOFFICENUMBER',37,'NOPERSONALPHONE1','NOPERSONALPHONE2','NOQATARID',43,6,4,37,24,46,NULL,'NOEMAIL1','NOEMAIL2','NOEMAIL3',NULL,NULL),(39,'NOADDRESS',39,'darkblue','3005','Rosario','NOHEALTHCARD','\0','\0','\0','','\0','\0','Rene','NOOFFICENUMBER',37,'NOPERSONALPHONE1','NOPERSONALPHONE2','NOQATARID',43,6,4,37,24,46,NULL,'NOEMAIL1','NOEMAIL2','NOEMAIL3','rene.jpg',NULL),(40,'NOADDRESS',40,'cordovan','NOEMPLOYEENUMBER40','Accountant','NOHEALTHCARD','\0','\0','\0','\0','\0','\0','Senior','NOOFFICENUMBER',59,'NOPERSONALPHONE1','NOPERSONALPHONE2','NOQATARID',43,7,4,4,25,46,NULL,'NOEMAIL1','NOEMAIL2','NOEMAIL3',NULL,NULL),(41,'NOADDRESS',41,'cordovan','NOEMPLOYEENUMBER41','NA','NOHEALTHCARD','\0','\0','\0','','\0','\0','Elmer','NOOFFICENUMBER',40,'NOPERSONALPHONE1','NOPERSONALPHONE2','NOQATARID',43,7,4,40,26,46,NULL,'NOEMAIL1','NOEMAIL2','NOEMAIL3','elmer.jpg',NULL),(42,'NOADDRESS',42,'cordovan','NOEMPLOYEENUMBER42','NA','NOHEALTHCARD','\0','\0','\0','\0','\0','\0','Indika','NOOFFICENUMBER',60,'NOPERSONALPHONE1','NOPERSONALPHONE2','NOQATARID',43,8,4,4,27,46,NULL,'NOEMAIL1','NOEMAIL2','NOEMAIL3','indika.jpg',NULL),(43,'NOADDRESS',43,'cordovan','1007','Abu Elleil','NOHEALTHCARD','\0','','\0','\0','\0','\0','Ahmad','NOOFFICENUMBER',61,'NOPERSONALPHONE1','NOPERSONALPHONE2','NOQATARID',43,9,4,4,28,46,NULL,'NOEMAIL1','NOEMAIL2','NOEMAIL3','abuelleil.jpg',NULL),(44,'NOADDRESS',44,'cordovan','NOEMPLOYEENUMBER44','NA','NOHEALTHCARD','\0','\0','\0','','','\0','Receptionist','NOOFFICENUMBER',43,'NOPERSONALPHONE1','NOPERSONALPHONE2','NOQATARID',43,9,4,43,29,46,14,'NOEMAIL1','NOEMAIL2','NOEMAIL3',NULL,NULL),(45,'NOADDRESS',45,'cordovan','NOEMPLOYEENUMBER45','NA','NOHEALTHCARD','\0','\0','\0','','\0','\0','Ajmal','NOOFFICENUMBER',43,'NOPERSONALPHONE1','NOPERSONALPHONE2','NOQATARID',43,9,4,43,30,46,NULL,'NOEMAIL1','NOEMAIL2','NOEMAIL3','ajmel.jpg',NULL),(46,'NOADDRESS',46,'cordovan','NOEMPLOYEENUMBER46','Ali','NOHEALTHCARD','\0','\0','','\0','\0','','Shabeer','NOOFFICENUMBER',62,'NOPERSONALPHONE1','NOPERSONALPHONE2','NOQATARID',43,10,4,4,31,46,NULL,'NOEMAIL1','NOEMAIL2','NOEMAIL3','shabeer.jpg',NULL),(47,'NOADDRESS',47,'cordovan','NOEMPLOYEENUMBER47','Ali','NOHEALTHCARD','\0','\0','','\0','\0','\0','Shamsheer','NOOFFICENUMBER',62,'NOPERSONALPHONE1','NOPERSONALPHONE2','NOQATARID',43,10,4,4,31,46,NULL,'NOEMAIL1','NOEMAIL2','NOEMAIL3','shamseer.jpg',NULL),(48,'NOADDRESS',48,'cordovan','NOEMPLOYEENUMBER48','NA','NOHEALTHCARD','\0','\0','\0','','\0','\0','Najeeb','NOOFFICENUMBER',46,'NOPERSONALPHONE1','NOPERSONALPHONE2','NOQATARID',43,10,4,46,32,46,NULL,'NOEMAIL1','NOEMAIL2','NOEMAIL3','najeeb.jpg',NULL),(49,'NOADDRESS',49,'cordovan','NOEMPLOYEENUMBER49','Koduvally','NOHEALTHCARD','\0','\0','\0','','\0','\0','Asharudheen','NOOFFICENUMBER',46,'NOPERSONALPHONE1','NOPERSONALPHONE2','NOQATARID',43,10,4,46,32,46,NULL,'NOEMAIL1','NOEMAIL2','NOEMAIL3','asharudheen.jpg',NULL),(50,'NOADDRESS',50,'cordovan','1014','Nathan','NOHEALTHCARD','\0','\0','\0','\0','\0','\0','Baiju','NOOFFICENUMBER',63,'NOPERSONALPHONE1','NOPERSONALPHONE2','NOQATARID',43,11,4,4,33,46,NULL,'NOEMAIL1','NOEMAIL2','NOEMAIL3','baiju.jpg',NULL),(51,'NOADDRESS',51,'cordovan','2007','Nizar','NOHEALTHCARD','\0','\0','\0','','\0','\0','Mohammad','NOOFFICENUMBER',50,'NOPERSONALPHONE1','NOPERSONALPHONE2','NOQATARID',43,11,4,50,34,46,NULL,'NOEMAIL1','NOEMAIL2','NOEMAIL3','nizar.jpg',NULL),(52,'NOADDRESS',52,'darkblue','NOEMPLOYEENUMBER52','Fernando','NOHEALTHCARD','\0','\0','','\0','\0','\0','Johnny','NOOFFICENUMBER',53,'NOPERSONALPHONE1','NOPERSONALPHONE2','NOQATARID',43,1,4,3,7,46,NULL,'NOEMAIL1','NOEMAIL2','NOEMAIL3',NULL,NULL),(53,'NOADDRESS',67,'darkblue','3006','Hammad','NOHEALTHCARD','\0','\0','\0','','\0','\0','Haytham','NOOFFICENUMBER',37,'NOPERSONALPHONE1','NOPERSONALPHONE2','NOQATARID',43,6,4,37,24,46,NULL,'NOEMAIL1','NOEMAIL2','NOEMAIL3','haythm.jpg',NULL),(54,'NOADDRESS',68,'darkblue','NOEMPLOYEENUMBER54','Merecido','NOHEALTHCARD','\0','\0','\0','','\0','\0','Roel D.','NOOFFICENUMBER',37,'NOPERSONALPHONE1','NOPERSONALPHONE2','NOQATARID',43,6,4,37,24,46,NULL,'NOEMAIL1','NOEMAIL2','NOEMAIL3','roel.jpg',NULL);
/*!40000 ALTER TABLE `employee` ENABLE KEYS */;
UNLOCK TABLES;

--
-- Table structure for table `employee_meetings`
--

DROP TABLE IF EXISTS `employee_meetings`;
/*!40101 SET @saved_cs_client     = @@character_set_client */;
/*!40101 SET character_set_client = utf8 */;
CREATE TABLE `employee_meetings` (
  `meetingID` bigint(20) NOT NULL,
  `employeeID` bigint(20) NOT NULL,
  KEY `FK_px1kg0ryjo4eng7mdlevgb0wg` (`employeeID`),
  KEY `FK_qwfbw2s1at2dgw11yuehrnhfy` (`meetingID`),
  CONSTRAINT `FK_px1kg0ryjo4eng7mdlevgb0wg` FOREIGN KEY (`employeeID`) REFERENCES `employee` (`id`),
  CONSTRAINT `FK_qwfbw2s1at2dgw11yuehrnhfy` FOREIGN KEY (`meetingID`) REFERENCES `meeting` (`id`)
) ENGINE=InnoDB DEFAULT CHARSET=utf8;
/*!40101 SET character_set_client = @saved_cs_client */;

--
-- Dumping data for table `employee_meetings`
--

LOCK TABLES `employee_meetings` WRITE;
/*!40000 ALTER TABLE `employee_meetings` DISABLE KEYS */;
/*!40000 ALTER TABLE `employee_meetings` ENABLE KEYS */;
UNLOCK TABLES;

--
-- Table structure for table `event_comment`
--

DROP TABLE IF EXISTS `event_comment`;
/*!40101 SET @saved_cs_client     = @@character_set_client */;
/*!40101 SET character_set_client = utf8 */;
CREATE TABLE `event_comment` (
  `id` bigint(20) NOT NULL AUTO_INCREMENT,
  `content` varchar(255) DEFAULT NULL,
  `date` datetime DEFAULT NULL,
  `authorID` bigint(20) DEFAULT NULL,
  `eventID` bigint(20) DEFAULT NULL,
  PRIMARY KEY (`id`),
  KEY `FK_hyawjqxow2okqsme68okpdptd` (`authorID`),
  KEY `FK_t7ewvpnusbbocbbkqwt53xibt` (`eventID`),
  CONSTRAINT `FK_hyawjqxow2okqsme68okpdptd` FOREIGN KEY (`authorID`) REFERENCES `employee` (`id`),
  CONSTRAINT `FK_t7ewvpnusbbocbbkqwt53xibt` FOREIGN KEY (`eventID`) REFERENCES `companyEvent` (`id`)
) ENGINE=InnoDB DEFAULT CHARSET=utf8;
/*!40101 SET character_set_client = @saved_cs_client */;

--
-- Dumping data for table `event_comment`
--

LOCK TABLES `event_comment` WRITE;
/*!40000 ALTER TABLE `event_comment` DISABLE KEYS */;
/*!40000 ALTER TABLE `event_comment` ENABLE KEYS */;
UNLOCK TABLES;

--
-- Table structure for table `leave_request`
--

DROP TABLE IF EXISTS `leave_request`;
/*!40101 SET @saved_cs_client     = @@character_set_client */;
/*!40101 SET character_set_client = utf8 */;
CREATE TABLE `leave_request` (
  `id` bigint(20) NOT NULL AUTO_INCREMENT,
  `approvedOn` datetime DEFAULT NULL,
  `certificate` longtext,
  `createdOn` datetime DEFAULT NULL,
  `leaveFrom` datetime DEFAULT NULL,
  `leaveTo` datetime DEFAULT NULL,
  `message` longtext,
  `number` varchar(255) DEFAULT NULL,
  `status` int(11) NOT NULL,
  `tickets` bit(1) NOT NULL,
  `type` varchar(255) DEFAULT NULL,
  `applicantID` bigint(20) DEFAULT NULL,
  `approverID` bigint(20) DEFAULT NULL,
  PRIMARY KEY (`id`),
  UNIQUE KEY `UK_mtdt8s9m64wg3uk3p4tavijjh` (`number`,`status`),
  KEY `FK_ed81tammewqp72m1nsk4oqd7d` (`applicantID`),
  KEY `FK_91sg9pnb0513t9lco0j1kb4sf` (`approverID`),
  CONSTRAINT `FK_91sg9pnb0513t9lco0j1kb4sf` FOREIGN KEY (`approverID`) REFERENCES `employee` (`id`),
  CONSTRAINT `FK_ed81tammewqp72m1nsk4oqd7d` FOREIGN KEY (`applicantID`) REFERENCES `employee` (`id`)
) ENGINE=InnoDB AUTO_INCREMENT=9 DEFAULT CHARSET=utf8;
/*!40101 SET character_set_client = @saved_cs_client */;

--
-- Dumping data for table `leave_request`
--

LOCK TABLES `leave_request` WRITE;
/*!40000 ALTER TABLE `leave_request` DISABLE KEYS */;
INSERT INTO `leave_request` VALUES (1,'2018-01-28 14:24:38','/tmp/S-HAS-280120181424-290120181424__Hadi A.-Shatti__Certificate.csv','2018-01-28 14:24:19','2018-01-28 14:24:23','2018-01-29 14:24:25','','S-RM-280120181424-290120181424',12,'\0','SICK',1,43),(2,NULL,NULL,'2018-02-03 14:39:41','2018-02-03 08:30:00','2018-02-05 08:30:00','PLEASE GM APPROVE','A-HAS-030220180830-050220180830',1,'','ANNUAL',14,3),(3,'2018-02-03 14:41:17',NULL,'2018-02-03 14:39:41','2018-02-03 08:30:00','2018-02-05 08:30:00','OK FOR ME','A-HAS-030220180830-050220180830',4,'','ANNUAL',14,43),(4,'2018-02-03 14:46:10',NULL,'2018-02-03 14:39:41','2018-02-03 08:30:00','2018-02-05 08:30:00','OK BUT MUST BE PAID ONLY FOR 3 DAYS','A-HAS-030220180830-050220180830',6,'','ANNUAL',14,4),(5,'2018-02-03 14:47:38',NULL,'2018-02-03 14:39:41','2018-02-03 08:30:00','2018-02-05 08:30:00','OK DONE','A-HAS-030220180830-050220180830',8,'','ANNUAL',14,46),(6,'2018-02-03 14:50:02',NULL,'2018-02-03 14:39:41','2018-02-03 08:30:00','2018-02-05 08:30:00','OK I FOUND THESE TICKETS:\nsdfdsdfdf COST sdfsdf\nfgfgghghf COST dffghgh','A-HAS-030220180830-050220180830',9,'','ANNUAL',14,4),(7,'2018-02-03 14:50:40',NULL,'2018-02-03 14:39:41','2018-02-03 08:30:00','2018-02-05 08:30:00','OK PURCHASED!','A-HAS-030220180830-050220180830',11,'','ANNUAL',14,4),(8,'2018-02-03 14:52:58',NULL,'2018-02-03 14:52:25','2018-02-08 14:52:29','2018-02-16 14:52:31',NULL,'S-HAS-080220181452-160220181452',12,'\0','SICK',14,43);
/*!40000 ALTER TABLE `leave_request` ENABLE KEYS */;
UNLOCK TABLES;

--
-- Table structure for table `meeting`
--

DROP TABLE IF EXISTS `meeting`;
/*!40101 SET @saved_cs_client     = @@character_set_client */;
/*!40101 SET character_set_client = utf8 */;
CREATE TABLE `meeting` (
  `id` bigint(20) NOT NULL AUTO_INCREMENT,
  `contentColor` varchar(255) DEFAULT NULL,
  `fromTime` datetime DEFAULT NULL,
  `headerColor` varchar(255) DEFAULT NULL,
  `location` varchar(255) DEFAULT NULL,
  `title` varchar(255) DEFAULT NULL,
  `toTime` datetime DEFAULT NULL,
  PRIMARY KEY (`id`),
  UNIQUE KEY `UK_e2yfd7nkgx41i9k5l73wk920e` (`title`,`fromTime`)
) ENGINE=InnoDB DEFAULT CHARSET=utf8;
/*!40101 SET character_set_client = @saved_cs_client */;

--
-- Dumping data for table `meeting`
--

LOCK TABLES `meeting` WRITE;
/*!40000 ALTER TABLE `meeting` DISABLE KEYS */;
/*!40000 ALTER TABLE `meeting` ENABLE KEYS */;
UNLOCK TABLES;

--
-- Table structure for table `notification`
--

DROP TABLE IF EXISTS `notification`;
/*!40101 SET @saved_cs_client     = @@character_set_client */;
/*!40101 SET character_set_client = utf8 */;
CREATE TABLE `notification` (
  `id` bigint(20) NOT NULL AUTO_INCREMENT,
  `attachment` varchar(255) DEFAULT NULL,
  `forEmployee` bit(1) NOT NULL,
  `object` varchar(255) DEFAULT NULL,
  `readOn` datetime DEFAULT NULL,
  `receivedOn` datetime DEFAULT NULL,
  `type` int(11) NOT NULL,
  `recipientID` bigint(20) DEFAULT NULL,
  `senderID` bigint(20) DEFAULT NULL,
  PRIMARY KEY (`id`),
  KEY `FK_siu16nwcm4arkyvoyov1f9m09` (`recipientID`),
  KEY `FK_gvdtisr860aqluhtucwgf77tl` (`senderID`),
  CONSTRAINT `FK_gvdtisr860aqluhtucwgf77tl` FOREIGN KEY (`senderID`) REFERENCES `employee` (`id`),
  CONSTRAINT `FK_siu16nwcm4arkyvoyov1f9m09` FOREIGN KEY (`recipientID`) REFERENCES `employee` (`id`)
) ENGINE=InnoDB DEFAULT CHARSET=utf8;
/*!40101 SET character_set_client = @saved_cs_client */;

--
-- Dumping data for table `notification`
--

LOCK TABLES `notification` WRITE;
/*!40000 ALTER TABLE `notification` DISABLE KEYS */;
/*!40000 ALTER TABLE `notification` ENABLE KEYS */;
UNLOCK TABLES;

--
-- Table structure for table `profile`
--

DROP TABLE IF EXISTS `profile`;
/*!40101 SET @saved_cs_client     = @@character_set_client */;
/*!40101 SET character_set_client = utf8 */;
CREATE TABLE `profile` (
  `id` bigint(20) NOT NULL AUTO_INCREMENT,
  `description` varchar(255) DEFAULT NULL,
  `name` varchar(255) DEFAULT NULL,
  PRIMARY KEY (`id`),
  UNIQUE KEY `UK_h0misxfxi90txd9e2cf1owm8j` (`name`)
) ENGINE=InnoDB AUTO_INCREMENT=3 DEFAULT CHARSET=utf8;
/*!40101 SET character_set_client = @saved_cs_client */;

--
-- Dumping data for table `profile`
--

LOCK TABLES `profile` WRITE;
/*!40000 ALTER TABLE `profile` DISABLE KEYS */;
INSERT INTO `profile` VALUES (1,'System Administrator','Admin'),(2,'Normal','Normal');
/*!40000 ALTER TABLE `profile` ENABLE KEYS */;
UNLOCK TABLES;

--
-- Table structure for table `role`
--

DROP TABLE IF EXISTS `role`;
/*!40101 SET @saved_cs_client     = @@character_set_client */;
/*!40101 SET character_set_client = utf8 */;
CREATE TABLE `role` (
  `id` bigint(20) NOT NULL AUTO_INCREMENT,
  `description` varchar(255) DEFAULT NULL,
  `name` varchar(255) DEFAULT NULL,
  PRIMARY KEY (`id`),
  UNIQUE KEY `UK_8sewwnpamngi6b1dwaa88askk` (`name`)
) ENGINE=InnoDB AUTO_INCREMENT=35 DEFAULT CHARSET=utf8;
/*!40101 SET character_set_client = @saved_cs_client */;

--
-- Dumping data for table `role`
--

LOCK TABLES `role` WRITE;
/*!40000 ALTER TABLE `role` DISABLE KEYS */;
INSERT INTO `role` VALUES (1,'Chief Executive Officer','CEO'),(2,'ANASTec General Manager','ANAS-GM'),(3,'Chief Finance Officer','CFO'),(4,'General Manager','GM'),(5,'Manager','MNG'),(6,'Technical Manager','TM'),(7,'Sales and Business Developer','SBD'),(8,'ITS and PLC Engineer','ITS-PLC'),(9,'ITS and ELV Engineer','ITS-ELV'),(10,'Network Engineer','NTWK'),(11,'CAD Engineer','CAD'),(12,'Gantry Engineer','GTR'),(13,'Software Manager','SW'),(14,'Software Developer','DVLP'),(15,'Project Engineer','PM'),(16,'Planning Engineer','PLN'),(17,'Tunnel O&M Manager','O&M'),(18,'Senior Operator','S-OP'),(19,'Operator','OP'),(20,'ELV Engineer','ELV'),(21,'Control Engineer','CTRL'),(22,'Electrical Engineer','ELCTR'),(23,'Senior Civil Engineer','S-CVL'),(24,'Civil Engineer','CVL'),(25,'Senior Accountant','S-ACC'),(26,'Accountant','ACC'),(27,'Procurement Er.','PRCR'),(28,'Admin & HR Coordinator','HR'),(29,'Receptionist','REC'),(30,'Office Coordinator','OFF'),(31,'Logistic In Charge','LGST'),(32,'Driver','DRV'),(33,'Senior Document Controller','S-DC'),(34,'Document Controller','DC');
/*!40000 ALTER TABLE `role` ENABLE KEYS */;
UNLOCK TABLES;

--
-- Table structure for table `tender`
--

DROP TABLE IF EXISTS `tender`;
/*!40101 SET @saved_cs_client     = @@character_set_client */;
/*!40101 SET character_set_client = utf8 */;
CREATE TABLE `tender` (
  `id` bigint(20) NOT NULL AUTO_INCREMENT,
  `closingDate` datetime DEFAULT NULL,
  `content` longtext,
  `date` datetime DEFAULT NULL,
  `issuingDate` datetime DEFAULT NULL,
  `link` varchar(255) DEFAULT NULL,
  `number` varchar(255) DEFAULT NULL,
  `title` varchar(255) DEFAULT NULL,
  `type` varchar(255) DEFAULT NULL,
  `authorID` bigint(20) DEFAULT NULL,
  PRIMARY KEY (`id`),
  UNIQUE KEY `UK_6tab0q8xas8l2nuqlr5nlj1bu` (`number`),
  KEY `FK_moco5mfaiupiq6vs6codmnjlb` (`authorID`),
  CONSTRAINT `FK_moco5mfaiupiq6vs6codmnjlb` FOREIGN KEY (`authorID`) REFERENCES `employee` (`id`)
) ENGINE=InnoDB AUTO_INCREMENT=3 DEFAULT CHARSET=utf8;
/*!40101 SET character_set_client = @saved_cs_client */;

--
-- Dumping data for table `tender`
--

LOCK TABLES `tender` WRITE;
/*!40000 ALTER TABLE `tender` DISABLE KEYS */;
INSERT INTO `tender` VALUES (1,'2018-01-31 14:45:52','<p>hjkhjk</p>\n','2018-01-30 14:45:57','2018-01-30 14:45:51','hj','hjkhjk','hjkhkhk','ICT',14),(2,'2018-03-27 14:35:24','<div>SCOPE OF WORKS</div>\n\n<div>As part of a national strategy, the Authority are looking for Contractors, Services Companies and</div>\n\n<div>Developers that can commit to the financing, development and long term operation and</div>\n\n<div>maintenance of high quality permanent workers accommodation in the Umm Sa</div>\n\n<div>lal &amp; Al Khor</div>\n\n<div>areas of Qatar.</div>\n\n<div>The Contract shall be in the form of a Concession Agreement on a Design, Build, Finance,</div>\n\n<div>Operate, Maintain and Transfer (DBFOMT) basis, for a period of 25 years (with an option to</div>\n\n<div>extend) and shall include a Lease Agreement</div>\n\n<div>for the land upon which the assets will be</div>\n\n<div>constructed and operated. Upon award the successful contracting party delivering these services</div>\n\n<div>will be referred to as the Concessionaire.</div>\n\n<div>Bidders may be interested in participating to provide high quality and c</div>\n\n<div>ost effective</div>\n\n<div>accommodation and services for their own workforce or to offer this to the general market as a</div>\n\n<div>business opportunity.</div>\n\n<div>High quality solutions are expected to be proposed at Tender stage that deliver assets and</div>\n\n<div>services that are demonstrably f</div>\n\n<div>ocused around the needs of The Authority.</div>\n\n<div>Under this DBFOMT form of contract, the Concessionaire is required to finance, design, build,</div>\n\n<div>maintain and operate the required assets for the term of the Concession, at the end of which the</div>\n\n<div>assets will be transfer</div>\n\n<div>red at no cost, to the Authority. This means that the Concessionaire shall</div>\n\n<div>find all the funding required to finance the activities to design, build, operate and maintain the</div>\n\n<div>assets to be provided under the Concession tendered. The Concession term to be pri</div>\n\n<div>ced in</div>\n\n<div>Tender submissions is 25 years.</div>\n\n<div>The Qatar Government will provide the land upon which an Integrated Worker Accommodation</div>\n\n<div>Communities will be built, on a leasehold basis in return for an annual rent. The Concessionaire</div>\n\n<div>shall pay the lease rent in a</div>\n\n<div>ccordance with the Lease Agreement, issued as a Schedule to the</div>\n\n<div>Concession Agreement, at a rate of QAR 2 / m2 per year.</div>\n\n<div>The Authority will provide support to the Tenderers in respect of liaison with the utility suppliers</div>\n\n<div>Ashghal and Kahramaa, and the Buil</div>\n\n<div>ding Permit Complex, to assist in the securing of all</div>\n\n<div>necessary consents and approvals. For the avoidance of doubt, whilst the Authority will assist</div>\n\n<div>and support the Tenderer to secure Governmental consents and approvals, it is the Tenderers</div>\n\n<div>absolute respon</div>\n\n<div>sibility to secure all consents and approvals based upon the design information</div>\n\n<div>developed and submitted by its team.</div>\n\n<div>The land provided by the Government will be the plots identified at the Umm Salal &amp; Al Khor sites,</div>\n\n<div>upon which the Concessionaire shall bu</div>\n\n<div>ild and operate the Project assets.</div>\n\n<div>The Umm Salal site under the scope of this Tender, shall provide for two Single Residential</div>\n\n<div>Facilities (SRF) on individual Plots, each SRF providing accommodation for a maximum of 5,000</div>\n\n<div>workers. A Town Centre will also</div>\n\n<div>be required. The complete IWAC will have a total population of</div>\n\n<div>28,000 workers and concessions are already in place on four (4) other Plots.</div>\n','2018-02-03 14:37:09','2018-01-24 14:35:22','http://www.ashghal.gov.qa/en/Tenders/Pages/default.aspx?TenderID=68713214-26cf-414c-bb42-e560d6cdc91c','PWA/GTC/001/2018','Design, Build, Finance, Operation, Maintenance and Transfer of Integrated Worker Accommodation Community (IWAC) Projects at Umm Salal & Al Khor BA/2018/C/001/G','Procurement',14);
/*!40000 ALTER TABLE `tender` ENABLE KEYS */;
UNLOCK TABLES;

--
-- Table structure for table `tender_comment`
--

DROP TABLE IF EXISTS `tender_comment`;
/*!40101 SET @saved_cs_client     = @@character_set_client */;
/*!40101 SET character_set_client = utf8 */;
CREATE TABLE `tender_comment` (
  `id` bigint(20) NOT NULL AUTO_INCREMENT,
  `content` varchar(255) DEFAULT NULL,
  `date` datetime DEFAULT NULL,
  `authorID` bigint(20) DEFAULT NULL,
  `tenderID` bigint(20) DEFAULT NULL,
  PRIMARY KEY (`id`),
  KEY `FK_nkrcbc2exhsj9g59k3kvddb7e` (`authorID`),
  KEY `FK_6i9lg5bhegej467q4julkgocj` (`tenderID`),
  CONSTRAINT `FK_6i9lg5bhegej467q4julkgocj` FOREIGN KEY (`tenderID`) REFERENCES `tender` (`id`),
  CONSTRAINT `FK_nkrcbc2exhsj9g59k3kvddb7e` FOREIGN KEY (`authorID`) REFERENCES `employee` (`id`)
) ENGINE=InnoDB AUTO_INCREMENT=2 DEFAULT CHARSET=utf8;
/*!40101 SET character_set_client = @saved_cs_client */;

--
-- Dumping data for table `tender_comment`
--

LOCK TABLES `tender_comment` WRITE;
/*!40000 ALTER TABLE `tender_comment` DISABLE KEYS */;
INSERT INTO `tender_comment` VALUES (1,'WOW','2018-02-03 14:37:37',14,2);
/*!40000 ALTER TABLE `tender_comment` ENABLE KEYS */;
UNLOCK TABLES;

--
-- Table structure for table `user`
--

DROP TABLE IF EXISTS `user`;
/*!40101 SET @saved_cs_client     = @@character_set_client */;
/*!40101 SET character_set_client = utf8 */;
CREATE TABLE `user` (
  `id` bigint(20) NOT NULL AUTO_INCREMENT,
  `password` varchar(255) DEFAULT NULL,
  `username` varchar(255) DEFAULT NULL,
  `employeeID` bigint(20) DEFAULT NULL,
  `profileID` bigint(20) DEFAULT NULL,
  PRIMARY KEY (`id`),
  UNIQUE KEY `UK_sb8bbouer5wak8vyiiy4pf2bx` (`username`),
  KEY `FK_rsouqo7a4hb85u0ls0rapm9s1` (`employeeID`),
  KEY `FK_8bt90mmtgoytuesu756xdcq4i` (`profileID`),
  CONSTRAINT `FK_8bt90mmtgoytuesu756xdcq4i` FOREIGN KEY (`profileID`) REFERENCES `profile` (`id`),
  CONSTRAINT `FK_rsouqo7a4hb85u0ls0rapm9s1` FOREIGN KEY (`employeeID`) REFERENCES `employee` (`id`)
) ENGINE=InnoDB AUTO_INCREMENT=7 DEFAULT CHARSET=utf8;
/*!40101 SET character_set_client = @saved_cs_client */;

--
-- Dumping data for table `user`
--

LOCK TABLES `user` WRITE;
/*!40000 ALTER TABLE `user` DISABLE KEYS */;
INSERT INTO `user` VALUES (1,'0716d545a4cead13082f05b99fc46157','admin',14,1),(2,'b585c4415b1fe50f2c31fa1698b271b7','nitin',3,2),(3,'c06e016f63751d7af476fd754d97a533','amr',4,2),(4,'ba2e5d65ad0656754324862898b4479a','ahmad.abuelleil',43,2),(5,'49b01b584d0ee82813b940ddad08d231','vignesh',8,2),(6,'8fe8d65ef00bd634104dacb3f42620c8','shabeer',46,2);
/*!40000 ALTER TABLE `user` ENABLE KEYS */;
UNLOCK TABLES;

--
-- Dumping routines for database 'intranet'
--
/*!40103 SET TIME_ZONE=@OLD_TIME_ZONE */;

/*!40101 SET SQL_MODE=@OLD_SQL_MODE */;
/*!40014 SET FOREIGN_KEY_CHECKS=@OLD_FOREIGN_KEY_CHECKS */;
/*!40014 SET UNIQUE_CHECKS=@OLD_UNIQUE_CHECKS */;
/*!40101 SET CHARACTER_SET_CLIENT=@OLD_CHARACTER_SET_CLIENT */;
/*!40101 SET CHARACTER_SET_RESULTS=@OLD_CHARACTER_SET_RESULTS */;
/*!40101 SET COLLATION_CONNECTION=@OLD_COLLATION_CONNECTION */;
/*!40111 SET SQL_NOTES=@OLD_SQL_NOTES */;

-- Dump completed on 2018-02-12 13:18:25
